Geo_ID,Midblock,Year,All_Motorized_Vehicles_AADT_24_,X,Y,Lat,Long,ObjectId
__3ZA3M5,TRIM RD btwn HENN DR & NAVAN RD (__3ZA3M5),2022,3073,388607.3015,5032253.518,45.425194,-75.42903,1
__3ZA1D8,TRIM RD btwn NAVAN RD & WALL RD (__3ZA1D8),2022,5892,388094.0862,5033522.439,45.436672,-75.435372,2
__3ZA5N6,EDEN AVE btwn LINCOLN AVE & RICHMOND RD (__3ZA5N6),2022,167,363356.5137,5028302.958,45.392218,-75.752144,3
__3ZAAT1,PARKGLEN DR btwn ANDOVER PL & PARKGLEN CRT (__3ZAAT1),2022,773,363153.4796,5023246.708,45.346739,-75.755334,4
__3ZA538,BENLEA DR btwn KIDGROVE GDN & WOODFIELD DR (__3ZA538),2022,612,363819.6358,5021718.338,45.332931,-75.747016,5
__3ZA4A4,EDGEWOOD AVE btwn LINCOLN AVE & RICHMOND RD (__3ZA4A4),2022,279,363421.1471,5028338.911,45.392536,-75.751314,6
__3ZA4A3,LINCOLN AVE btwn EDEN AVE & END (__3ZA4A3),2022,164,363331.1906,5028222.55,45.391496,-75.752477,7
__3ZAAUZ,WITHROW AVE btwn RUTHERFORD ST & SUFFOLK ST (__3ZAAUZ),2022,550,363493.5251,5023565.901,45.349583,-75.750957,8
__3ZA36T,RIVERSIDE DR btwn BAYPORT PRIV & MOONEY'S BAY PL (__3ZA36T),2022,23510,368334.3798,5025380.891,45.365492,-75.688951,9
__3ZAAV4,CHESTERTON DR btwn MULVAGH AVE & SOUTHVIEW CRES (__3ZAAV4),2022,3997,365246.6724,5023884.479,45.3523,-75.728547,10
__3ZA57I,KATHLEEN CRES btwn AMY ST & RANDALL JAMES DR (__3ZA57I),2022,457,351237.6295,5014429.625,45.268291,-75.908213,11
__3ZA5UX,LONGLEAF DR btwn GLADEWOODS PL & PINEGLADE CRES (__3ZA5UX),2022,2049,380626.0903,5033980.066,45.441639,-75.53074,12
__3ZA8XS,CRICHTON ST btwn DUFFERIN RD & KEEFER ST (__3ZA8XS),2022,1731,368582.2025,5033679.597,45.440138,-75.684715,13
__3ZBN6N,PICCADILLY AVE btwn BASSETT LANE & PERTHSHIRE PRIV (__3ZBN6N),2022,326,364285.0995,5028766.075,45.396307,-75.74023,14
__3ZAAIU,ARMSTRONG ST btwn GARLAND ST & MERTON ST (__3ZAAIU),2022,1051,365518.294,5029776.134,45.405289,-75.724356,15
__3ZAAJK,LADOUCEUR ST btwn GARLAND ST & MERTON ST (__3ZAAJK),2022,260,365469.6511,5029836.706,45.405838,-75.72497,16
__3ZA9H9,PLEASANT PARK RD btwn CABOT ST & RIVERSIDE DR (__3ZA9H9),2022,3665,369623.0713,5028417.652,45.392698,-75.672103,17
__3ZA0G2,ARMSTRONG ST btwn HINCHEY AVE & PARKDALE AVE (__3ZA0G2),2022,1686,365164.7078,5029435.399,45.402254,-75.728914,18
__7NLO9P,MAYFAIR AVE btwn DALKEITH PRIV & WELLINGTON ST W (__7NLO9P),2022,209,364329.1906,5028890.864,45.397426,-75.739652,19
__3ZA9WG,REVELSTOKE DR btwn KAMLOOPS AVE & RIVERSIDE DR (__3ZA9WG),2022,757,368108.7563,5024382.463,45.356529,-75.691959,20
__3ZA9DR,KAMLOOPS AVE btwn DOROTHEA DR & REVELSTOKE DR (__3ZA9DR),2022,346,367979.434,5024251.535,45.355362,-75.693626,21
__3ZA9GR,SOUTHMORE DR    E btwn LINTON RD & THORNDALE DR (__3ZA9GR),2022,575,369791.2211,5025198.023,45.363713,-75.67038,22
__3ZACJZ,MARTIN ST btwn COCKBURN ST & KING ST (__3ZACJZ),2022,232,357295.1176,5006197.348,45.193789,-75.831891,23
__4V3I6X,AQUAVIEW DR btwn CLERMONT CRES & CLERMONT CRES (__4V3I6X),2022,1113,385491.1277,5035937.97,45.45871,-75.46824,24
__3ZAYG3,PORTOBELLO BLVD btwn CHAREST WAY & SCALA AVE (__3ZAYG3),2022,4272,385612.3118,5036493.954,45.463698,-75.4666,25
__8XI21B,STORMWIND AVE btwn PORTOBELLO BLVD & TERRAPIN TERR (__8XI21B),2022,1712,385796.5515,5035112.848,45.451251,-75.464472,26
__8IAXFZ,PORTOBELLO BLVD btwn SUMMER DAYS WALK/STORMWIND AVE & SUMMER SKY ST (__8IAXFZ),2022,817,385942.0625,5035039.197,45.450572,-75.462624,27
__4LKB1C,SCALA AVE btwn MELETTE CRES & MELETTE CRES (__4LKB1C),2022,953,385517.522,5036333.592,45.462267,-75.467838,28
__4LK0RA,SCALA AVE btwn NEWCARLISLE CRES & SWALLOWTAIL CRES (__4LK0RA),2022,1286,385968.6098,5036594.862,45.464565,-75.462028,29
__5Z1RRW,LAKERIDGE DR btwn BRANTHAVEN ST & GOLDENBROOK WAY (__5Z1RRW),2022,734,384982.4421,5034724.728,45.447853,-75.474941,30
__3ZACEX,PORTOBELLO BLVD btwn AQUAVIEW DR & CAPREOL ST (__3ZACEX),2022,2883,385675.4177,5035833.91,45.457753,-75.465901,31
__3ZACEQ,NANTES ST btwn BEROT LANE & BRIANNA WAY (__3ZACEQ),2022,881,385938.0819,5036000.306,45.459219,-75.462516,32
__4V7SWX,MILLENNIUM BLVD btwn END & TRIM RD (__4V7SWX),2022,1090,387015.8368,5036800.946,45.466297,-75.448604,33
__3ZAAIK,KEYWORTH AVE btwn CLEARVIEW AVE & PONTIAC ST (__3ZAAIK),2022,167,363737.9276,5029641.959,45.404234,-75.747113,34
__3ZA0RW,COLDREY AVE btwn KENZIE ST & MERIVALE RD (__3ZA0RW),2022,1114,364705.1012,5027284.799,45.382942,-75.735046,35
__3ZA0YS,JAVA ST btwn CLARENDON AVE & MAYFAIR AVE (__3ZA0YS),2022,178,364586.6955,5028579.553,45.394603,-75.736401,36
__3ZA4QN,GLADSTONE AVE btwn BEVERLEY AVE & PARKDALE AVE (__3ZA4QN),2022,4641,365301.4286,5029156.003,45.399728,-75.727202,37
__3ZA07T,SWITZER AVE btwn END & KIRKWOOD AVE (__3ZA07T),2022,127,364140.1946,5027546.044,45.385341,-75.742227,38
__3ZA0K8,IONA ST btwn CLARENDON AVE & MAYFAIR AVE (__3ZA0K8),2022,384,364618.6955,5028506.053,45.393938,-75.736001,39
__3ZA4PK,PARKDALE AVE btwn HWY417 IC122 RAMP51 & SHERWOOD DR (__3ZA4PK),2022,9806,365358.6989,5028795.555,45.39648,-75.726515,40
__3ZA01L,HARMER AVE   N btwn JAVA ST & KENORA ST (__3ZA01L),2022,657,364916.697,5028767.055,45.396261,-75.732163,41
__3ZA0OU,COLDREY AVE btwn KIRKWOOD AVE & LAPERRIERE AVE (__3ZA0OU),2022,896,364276.4382,5027018.196,45.38058,-75.740551,42
__3ZA4PY,HOLLAND AVE btwn BYRON AVE & WELLINGTON ST W (__3ZA4PY),2022,7068,364972.197,5029056.057,45.398857,-75.731419,43
__3ZAZV9,VARENNES BLVD btwn COMO CRES & SHEENBORO CRES (__3ZAZV9),2022,2991,385030.1624,5038104.991,45.47826,-75.47378,44
__3ZA5UM,PRINCESS LOUISE DR btwn DEANCOURT CRES & HANCOCK CRES (1) (__3ZA5UM),2022,3579,384070.1041,5038225.727,45.479456,-75.486038,45
__3ZA6XA,MERKLEY DR btwn APOLLO WAY & WILKIE DR (__3ZA6XA),2022,2455,383849.7559,5037464.572,45.472633,-75.488979,46
__3ZA6B0,WILKIE DR btwn CAMINITI CRES & CAMINITI CRES (__3ZA6B0),2022,459,384346.2581,5037530.57,45.47317,-75.482619,47
__3ZAZ61,TEMPO ST btwn DUPLANTE AVE & LAUNAY AVE (__3ZAZ61),2022,934,385080.4719,5038335.284,45.480326,-75.473099,48
__3ZA1VQ,DEANCOURT CRES btwn BRIARFIELD CRES & PRINCESS LOUISE DR (1) (__3ZA1VQ),2022,704,383962.305,5038216.92,45.479389,-75.487418,49
__58PEVH,PROVENCE AVE btwn BALLANTYNE DR & MULDER AVE (__58PEVH),2022,2456,386073.8596,5037209.62,45.470084,-75.46058,50
__3ZA5UA,NORTHLANDS DR btwn SACRAMENTO DR & SUNLAND DR (__3ZA5UA),2022,1908,384864.3769,5037159.392,45.469771,-75.476054,51
__3ZA5ST,GARDENWAY DR btwn LATOUR CRES & OAKLAWN CRES (__3ZA5ST),2022,2287,384063.7595,5036728.565,45.465987,-75.486361,52
__3ZA189,PORTOBELLO BLVD btwn GARDENWAY DR & VALIN ST (__3ZA189),2022,6404,385322.6502,5037500.298,45.472786,-75.470138,53
__3ZA0RC,ADMIRAL AVE btwn ANNA AVE & CRERAR AVE (__3ZA0RC),2022,410,365143.944,5027390.568,45.383856,-75.729429,54
__3ZAALI,INVERNESS AVE btwn GOODWIN AVE & NORMANDY CRES (__3ZAALI),2022,741,366483.2235,5024633.966,45.358937,-75.712673,55
__3ZA0RU,ANNA AVE btwn ADMIRAL AVE & MARSHALL AVE (__3ZA0RU),2022,757,365067.7713,5027213.825,45.382273,-75.730424,56
__3ZA36P,PRINCE OF WALES DR btwn FALAISE RD (1) & NORMANDY CRES (__3ZA36P),2022,13135,367481.0712,5024728.216,45.359696,-75.699926,57
__3ZAAP9,CORAL AVE btwn BARLYN AVE & TWIN TER (__3ZAAP9),2022,308,365773.7019,5025432.025,45.366179,-75.72163,58
__3ZAAQW,ARNOT RD btwn DYNES RD & FISHER AVE (__3ZAAQW),2022,225,366450.7062,5025585.733,45.367503,-75.712969,59
__3ZA0CP,FALAISE RD btwn CLAYMOR AVE & SENIO AVE (__3ZA0CP),2022,966,367294.2101,5024850.521,45.360813,-75.702295,60
__3ZAAPL,BARLYN AVE btwn CORAL AVE & HILLIARD AVE (__3ZAAPL),2022,548,365864.2025,5025363.525,45.365555,-75.720483,61
__3ZA30SA,FISHER AVE btwn 220 S OF TRENT ST & TRENT ST (__3ZA30SA),2022,13624,365828.1301,5026827.014,45.378726,-75.720763,62
__3ZA0Y1,HILSON AVE btwn LYMAN ST & MULVIHILL AVE (__3ZA0Y1),2022,556,363927.408,5028580.583,45.394668,-75.74482,63
__3ZA9HB,HOPEWELL AVE btwn BANK ST & GROSVENOR AVE (__3ZA9HB),2022,543,368674.2822,5028449.812,45.393074,-75.684216,64
__3ZA93M,LYON ST    S btwn FIRST AVE & GLEBE AVE (__3ZA93M),2022,813,368033.2085,5029611.061,45.403581,-75.692254,65
__3ZA9IW,SUNNYSIDE AVE btwn BANK ST & GROSVENOR AVE (__3ZA9IW),2022,2582,368637.9722,5028521.81,45.393725,-75.68467,66
__3ZA3NY,BANK ST btwn GROVE AVE & OSSINGTON AVE (__3ZA3NY),2022,9047,368869.214,5028346.549,45.392127,-75.68174,67
__3ZA3N4,BANK ST btwn HOPEWELL AVE & SUNNYSIDE AVE (__3ZA3N4),2022,8474,368751.7129,5028542.55,45.393902,-75.683215,68
__3ZA314,BOOTH ST btwn BALSAM ST & GLADSTONE AVE (__3ZA314),2022,6085,366755.703,5029880.564,45.40612,-75.708537,69
__3ZBN60,O'CONNOR ST btwn FIRST AVE & GLEBE AVE (__3ZBN60),2022,2133,368530.7101,5029909.562,45.406222,-75.685861,70
__3ZA95N,FIRST AVE btwn O'CONNOR ST & QUEEN ELIZABETH DRWY (__3ZA95N),2022,430,368689.7512,5029949.693,45.406568,-75.683824,71
__3ZA91G,FIRST AVE btwn CHRYSLER ST & PERCY ST (__3ZA91G),2022,815,367719.4891,5029373.428,45.401471,-75.696291,72
__3ZA1DW,ORLEANS BLVD btwn BROKEN OAK DR & ST. LOUIS DR (__3ZA1DW),2022,4396,379819.5317,5038354.374,45.481083,-75.540381,73
__3ZA7JC,DECARIE DR btwn CHATEAU CRES & JEANNE D'ARC BLVD N (__3ZA7JC),2022,1090,380852.8846,5038580.302,45.483004,-75.52713,74
__3ZA6BI,JEANNE D'ARC BLVD  N btwn ORLEANS BLVD & PADDLER WAY (__3ZA6BI),2022,6765,379710.3026,5038017.383,45.478063,-75.541829,75
__3ZBN6F,FIFTH AVE btwn MONK ST & RALPH ST (__3ZBN6F),2022,1707,368252.1072,5029310.459,45.400856,-75.689496,76
__3ZA68O,FORTUNE DR btwn ST. MORITZ CRT & VINEYARD DR (__3ZA68O),2022,1886,379319.4838,5037402.034,45.472568,-75.546921,77
__3ZA7KG,JEANNE D'ARC BLVD btwn CATTAIL WAY & LAWNSBERRY DR (__3ZA7KG),2022,20244,381825.6383,5039027.343,45.486919,-75.514618,78
__3ZA68Y,VOYAGEUR DR btwn DRIFTWOOD CRES E & VINEYARD DR (__3ZA68Y),2022,1857,378811.9005,5037516.69,45.473654,-75.553394,79
__3ZA0VQ,CAMBRIDGE ST    N btwn CHRISTIE ST & GLADSTONE AVE (__3ZA0VQ),2022,447,367023.663,5030137.108,45.408405,-75.705082,80
__3ZA977,ARLINGTON AVE btwn BANK ST & KENT ST (__3ZA977),2022,3191,367939.4211,5030300.151,45.40979,-75.693363,81
__3ZA7JA,BILBERRY DR btwn DU BOIS AVE N & JEANNE D'ARC BLVD N (__3ZA7JA),2022,1841,381196.7565,5038573.544,45.482906,-75.522732,82
__3ZA3PQ,CATHERINE ST btwn BANK ST & KENT ST (__3ZA3PQ),2022,5278,367973.8598,5030228.909,45.409146,-75.692932,83
__3ZA3PP,KENT ST btwn ARLINGTON AVE & CATHERINE ST (__3ZA3PP),2022,7697,367888.2071,5030223.065,45.409101,-75.694027,84
__3ZA80L,PERCY ST btwn FLORENCE ST & JAMES ST (__3ZA80L),2022,1102,367267.2045,5030313.067,45.409966,-75.701949,85
__3ZA96X,ECHO DR btwn GRAHAM AVE & HAZEL ST (__3ZA96X),2022,407,368928.8401,5030285.416,45.409567,-75.680726,86
__3ZBOFH,MANN AVE btwn RUSSELL AVE & TURN LANE (__3ZBOFH),2022,5079,369356.6316,5031434.95,45.419871,-75.675111,87
__3ZA7BF,YORK ST btwn BEAUSOLEIL DR & END (__3ZA7BF),2022,273,368707.7148,5032816.444,45.432361,-75.683223,88
__3ZA5L3,BUCKLAND RD btwn ROCKDALE RD & ST. JULIE ST (__3ZA5L3),2022,347,394646.5785,5024598.303,45.355572,-75.353263,89
__3ZABYR,REGINA ST btwn CROYDON AVE & DON ST (__3ZABYR),2022,2072,360366.7316,5025360.174,45.365982,-75.790656,90
__4TZO67,LANARK AVE btwn BEECHGROVE AVE & BRIARWAY PRIV (__4TZO67),2022,1649,363259.9872,5028974.614,45.398269,-75.753297,91
__3ZBOMS,GLOUCESTER ST btwn BAY ST & PERCY ST (__3ZBOMS),2022,1030,367007.7683,5030896.628,45.41524,-75.705189,92
__3ZA7Y6,CLOVELLY RD btwn DONOVAN CRT & MONTREAL RD (__3ZA7Y6),2022,294,374237.5025,5034471.601,45.446726,-75.612323,93
__3ZA4Z7C,MOODIE DR (__3ZA4Z7C),2022,6487,356204.651,5023167.502,45.34657,-75.844012,94
__3ZA2S4,MARIONVILLE RD btwn BISSON RD(NORTH DUNDAS TWP) & GREGOIRE RD (__3ZA2S4),2022,620,394373.3303,5004990.77,45.179198,-75.360286,95
__3ZA1RT,FELLOWS RD btwn DRURY LANE & WESTBURY RD (__3ZA1RT),2022,483,362105.2112,5023872.7,45.352458,-75.768638,96
__3ZAZLS,STONEHAVEN DR btwn GRASSY PLAINS DR & SUMMITVIEW DR (__3ZAZLS),2022,483,356368.1601,5015865.893,45.280857,-75.842686,97
__3ZA27S,REGIONAL ROAD 174 btwn CANAAN RD & MCTEER RD (__3ZA27S),2022,3973,395355.395,5043264.422,45.523415,-75.340784,98
__3ZAZ7I,ASHLEY CARDILL LANE btwn DONWEL DR & SHAUNA CRES (__3ZAZ7I),2022,710,378945.9826,5013196.542,45.254821,-75.555329,99
__7NHFJC,RIVER RUN AVE btwn HALF MOON BAY & PARK GLADE WAY (__7NHFJC),2022,2169,364465.0262,5013063.232,45.254998,-75.739824,100
__3ZBOPO,BROADVIEW AVE btwn TILLBURY AVE & WELLESLEY AVE (__3ZBOPO),2022,3828,363106.1901,5026817.037,45.378869,-75.755516,101
__3ZA9P5,CLEMENTINE BLVD btwn APOLYDOR AVE & GUERTIN AVE (__3ZA9P5),2022,1703,369488.2181,5027157.039,45.381368,-75.673991,102
__3ZBOU4,DOW'S LAKE RD btwn CRESCENT HGTS & MADAWASKA DR (__3ZBOU4),2022,725,367369.4978,5028919.3,45.397416,-75.700819,103
__3ZA9KU,LAKESIDE AVE btwn BRONSON AVE & QUEEN ELIZABETH DRWY (__3ZA9KU),2022,1032,367555.1205,5028775.924,45.39611,-75.698466,104
__3ZA9LE,MADAWASKA DR btwn BRONSON AVE & DOW'S LAKE RD (__3ZA9LE),2022,654,367480.7297,5028998.239,45.398117,-75.699388,105
__3ZA9M0,KIPPEWA DR btwn BRONSON AVE & DOW'S LAKE RD (__3ZA9M0),2022,296,367418.2901,5029088.936,45.398938,-75.700174,106
__3ZA0TC,CLOVER ST btwn GREGG ST & HERON RD (__3ZA0TC),2022,710,369302.2176,5026667.535,45.37698,-75.67643,107
__3ZA0TA,JUNCTION AVE btwn GREGG ST & HERON RD (__3ZA0TA),2022,443,369227.9891,5026657.728,45.376899,-75.677379,108
__3ZBOUA,BELANGER AVE btwn BANK ST & CLEMENTINE BLVD (__3ZBOUA),2022,1560,369559.9385,5027414.011,45.383673,-75.673041,109
__3ZA86B,GILLES ST btwn RICHARD AVE & SECORD AVE (__3ZA86B),2022,236,369722.7189,5026943.537,45.379425,-75.671025,110
__3ZA873,ROCKINGHAM AVE btwn BANK ST & CLEMENTINE BLVD (__3ZA873),2022,608,369599.1341,5027301.092,45.382653,-75.672556,111
__3ZA9XD,TRAVERSE DR btwn NEEDHAM CRES & YARMOUTH CRES (__3ZA9XD),2022,294,369827.7206,5026059.03,45.371457,-75.669801,112
__3ZBORU,BROOKFIELD RD btwn CLEMENTINE BLVD & HUNTLEY AVE (__3ZBORU),2022,601,369531.5627,5026373.671,45.374315,-75.67354,113
__3ZA9YR,KALADAR AVE btwn BROOKFIELD RD & GREGG ST (__3ZA9YR),2022,2692,369716.9802,5026541.066,45.375804,-75.671151,114
__3ZA0T1,CLEMENTINE BLVD btwn BROOKFIELD RD & GREGG ST (__3ZA0T1),2022,455,369560.2189,5026485.033,45.375314,-75.67316,115
__3ZA4NP,WOODROFFE AVE btwn ANTHONY AVE & SAVILLE ROW (__3ZA4NP),2022,11133,361724.6836,5026317.032,45.374483,-75.773212,116
__3ZA3GY,MAITLAND AVE btwn HWY417 IC126 RAMP52 & HWY417 IC126 RAMP63 (__3ZA3GY),2022,21478,363185.8234,5025880.913,45.370439,-75.75461,117
__3ZAZYB,GREENBANK RD btwn HWY417 IC129 RAMP35 & PINECREST RD (__3ZAZYB),2022,21393,360459.6751,5023498.007,45.349219,-75.78968,118
__3ZA7DN,CATHCART ST btwn CUMBERLAND ST & DALHOUSIE ST (__3ZA7DN),2022,429,367866.2019,5032984.592,45.43395,-75.693955,119
__3ZA7O6,EASTVALE DR btwn BICKERTON AVE & KENDER AVE (__3ZA7O6),2022,1612,375586.677,5035600.431,45.456747,-75.594915,120
__3ZA79E,NASKAPI DR btwn LUDGATE CRT & MARQUIS AVE (__3ZA79E),2022,1190,375013.7241,5034750.59,45.449158,-75.602362,121
__3ZA7JS,MEADOWBROOK RD btwn CEDARCROFT CRES & CEDARCROFT CRES (__3ZA7JS),2022,2449,374376.1626,5031964.257,45.424152,-75.610905,122
__3ZA9YT,CEDARWOOD DR btwn BAYCREST DR & WALKLEY RD (__3ZA9YT),2022,2503,371122.0136,5026636.58,45.376532,-75.653201,123
__3ZA2P0,BRANT ST btwn BRANT ST & MCARTHUR AVE (__3ZA2P0),2022,1494,371277.4091,5032699.393,45.431068,-75.6504,124
__3ZA9KH,BRISTOL AVE btwn BELMONT AVE & FENTIMAN AVE (__3ZA9KH),2022,289,369331.3,5028745.719,45.395676,-75.675787,125
__3ZA9DP,MCCARTHY RD btwn PLANTE DR & SOUTHMORE DR W (__3ZA9DP),2022,6620,369583.5297,5024522.652,45.357655,-75.673119,126
__3ZA0IW,IONA ST btwn HILSON AVE & KIRKWOOD AVE (__3ZA0IW),2022,1237,364044.3285,5028168.805,45.390953,-75.743376,127
__3ZAASV,VIEWMOUNT DR btwn OAKRIDGE BLVD & PALSEN ST (__3ZAASV),2022,3236,363812.1929,5022972.004,45.344212,-75.746962,128
__3ZA0IT,HILSON AVE btwn CLARE ST & IONA ST (__3ZA0IT),2022,719,364132.8659,5028109.521,45.390412,-75.742253,129
__3ZBOOP,CLARE ST btwn BROADHEAD AVE & WESTHAVEN CRES (__3ZBOOP),2022,2529,363915.538,5027910.595,45.38864,-75.745052,130
__3ZA0J5,TWEEDSMUIR AVE (__3ZA0J5),2022,941,363539.2807,5028440.827,45.393443,-75.749794,131
__3ZA1WW,TWEEDSMUIR AVE (__3ZA1WW),2022,931,363576.5155,5028352.686,45.392647,-75.749329,132
__3ZA4LO,RICHMOND RD btwn HWY417 IC130 RAMP26 & HWY417 IC130 RAMP35 (__3ZA4LO),2022,19624,359224.467,5023109.071,45.345817,-75.805485,133
__3ZA45I,DOW ST btwn OLD CARRIAGE CRT & OLD CARRIAGE CRT (__3ZA45I),2022,440,385174.2989,5011325.919,45.237306,-75.476291,134
__3ZA45J,DOW ST btwn ANDREW SIMPSON DR & OLD CARRIAGE CRT (__3ZA45J),2022,253,385074.3051,5011485.54,45.238754,-75.477538,135
__3ZAAYL,TIVERTON DR btwn BELIVEAU ST & KILMORY CRES (__3ZAAYL),2022,614,365598.9526,5024425.889,45.357142,-75.723985,136
__3ZA2KC,TROJAN AVE btwn DAN AVE & GARDENVALE RD (__3ZA2KC),2022,149,372283.2185,5032924.082,45.432993,-75.637516,137
__3ZBO2I,BORTHWICK AVE btwn BURN ST & GARDENVALE RD (__3ZBO2I),2022,166,372298.2181,5033114.084,45.434701,-75.637298,138
__3ZA37Y,WALKLEY RD btwn THORNDALE DR & WEXFORD WAY (__3ZA37Y),2022,12456,369404.7189,5025397.025,45.365539,-75.675287,139
__3ZA37W,WALKLEY RD btwn MCCARTHY RD & SPRINGLAND DR (__3ZA37W),2022,12670,368990.2102,5025134.161,45.363212,-75.680612,140
__3ZA371,WALKLEY RD btwn AIRPORT PKWY & SOUTHMORE DR E (__3ZA371),2022,16016,369773.7206,5025613.027,45.367449,-75.670549,141
__3ZA9G6,PROVOST DR btwn MARCEL ST & THORNDALE DR (__3ZA9G6),2022,400,369485.3924,5025276.415,45.364447,-75.674273,142
__3ZA9G0,THORNDALE DR btwn PROVOST DR & WALKLEY RD (__3ZA9G0),2022,549,369494.2195,5025361.525,45.365212,-75.674149,143
__3ZA9F5,SOUTHMORE DR    E btwn LINTON RD & WELLAND ST (__3ZA9F5),2022,479,369728.2237,5025004.545,45.361978,-75.671209,144
__3ZA5UT,SUNSET BLVD btwn OLD PRESCOTT RD & TRANQUIL GT (__3ZA5UT),2022,174,376910.1016,5015268.578,45.273676,-75.580963,145
__42HS4T,VALIN ST btwn LUESBY CRES & PROVENCE AVE (__42HS4T),2022,2988,386160.4443,5037377.35,45.471583,-75.459445,146
__49PV5N,HALTON TER btwn DUNOLLIE CRES & PENRITH ST (__49PV5N),2022,1721,348568.6244,5024018.015,45.354741,-75.941377,147
__3ZA34U,ELGIN ST btwn GILMOUR ST & LEWIS ST (__3ZA34U),2022,8116,368264.7071,5031036.073,45.416382,-75.689113,148
__3ZA6V8,SPRINGHILL RD btwn 8TH LINE RD & 9TH LINE RD (__3ZA6V8),2022,342,387787.3053,5007871.296,45.205921,-75.443591,149
__3ZAB3X,DESMOND AVE btwn BRACO ST & CARBROOKE ST (__3ZAB3X),2022,760,353404.9128,5018047.89,45.300703,-75.880241,150
__3ZA0OH,LAPERRIERE AVE btwn COLDREY AVE & LARKIN ST (__3ZA0OH),2022,6242,364272.6951,5026804.537,45.378658,-75.740625,151
__3ZBO82,MEADOWBREEZE DR btwn FERNBROOK PL & WHEATLAND AVE (__3ZBO82),2022,1160,355459.3653,5015206.13,45.274987,-75.854336,152
__3ZAADJ,SAVILLE ROW btwn NEEPAWA AVE & PRINCE CHARLES RD (__3ZAADJ),2022,2572,362060.1849,5026453.533,45.375684,-75.768913,153
__3ZAACD,SAVILLE ROW btwn HAYMARKET ST & NEEPAWA AVE (__3ZAACD),2022,1969,362044.1849,5026375.533,45.374983,-75.769127,154
__3ZA9KM,BROADWAY AVE btwn FINDLAY AVE & TORRINGTON PL (__3ZA9KM),2022,1229,367888.4044,5028698.002,45.395379,-75.69422,155
__3ZA9M5,FIFTH AVE btwn CHRYSLER ST & PERCY ST (__3ZA9M5),2022,2265,367886.2085,5029094.556,45.398947,-75.694197,156
__3ZA79F,ROTHWELL DR btwn NASKAPI DR & WICK CRES (__3ZA79F),2022,734,374654.4769,5034819.287,45.449812,-75.606944,157
__3ATNV8,LEIKIN DR btwn ESCADE DR & ROSETTA AVE (__3ATNV8),2022,1698,366817.0764,5016734.319,45.287827,-75.709402,158
__3ZA162,HARRY DOUGLAS DR btwn IBER RD & QUARTZ CRES (__3ZA162),2022,1196,351567.0183,5015117.213,45.274456,-75.903951,159
__77AX1J,BIRCHLAND CRES btwn BIRCHLAND CRES & WEST RIDGE DR (__77AX1J),2022,631,349727.3439,5012294.38,45.249175,-75.927651,160
__5RG4JY,FLEWELLYN RD btwn CONLEY RD & NO NAME (__5RG4JY),2022,2408,350559.8367,5010002.283,45.228497,-75.917257,161
__3ZAAPU,TARA DR btwn MAITLAND AVE & WOODSIDE DR (__3ZAAPU),2022,499,363450.8617,5025343.593,45.365582,-75.751291,162
__3ZA5A7,RIDEAUCREST DR btwn MARKLAND CRES & NEWBOROUGH CRES (__3ZA5A7),2022,1859,366239.5868,5016534.231,45.286078,-75.716788,163
__3ZBORR,ANOKA ST btwn BANK ST & EDGE HILL PL (__3ZBORR),2022,213,370139.7215,5026787.535,45.377982,-75.665722,164
__3ZAA44,LEXINGTON ST btwn GRIFFITH WAY & HUDSON AVE (__3ZAA44),2022,122,366626.2427,5025835.621,45.369736,-75.710697,165
__3ZABC3,ABBOTT ST    W btwn JONATHAN PACK ST & STITT ST (__3ZABC3),2022,2137,349820.0811,5012946.919,45.255041,-75.926411,166
__7OBPY7,OVERBERG WAY btwn ARRITA ST & Continuation of OVERBERG WAY (__7OBPY7),2022,163,,,,,167
__3ZA3IJ,FALLOWFIELD RD btwn HOLITMAN DR & WOLFGANG DR (__3ZA3IJ),2022,18550,363574.6864,5017038.952,45.290847,-75.750696,168
__8AO8TE,BRIDGEPORT AVE btwn ALABASTER HTS  & CONCH WAY (__8AO8TE),2022,1508,,,,,169
__3ZA9F6,FIELDING DR btwn COWAN CRES & COWAN CRES (__3ZA9F6),2022,969,369257.2189,5024974.022,45.361747,-75.677225,170
__827GEQ,TAPADERO AVE btwn CAVESSON ST & EQUINE WAY (__827GEQ),2022,863,353097.4789,5015098.176,45.274181,-75.884448,171
__3ZBOIH,DUMAURIER AVE btwn ALENMEDE CRES & RAMSEY CRES (__3ZBOIH),2022,1910,360018.6659,5023270.758,45.347209,-75.795333,172
__3ZACHJ,CASTLEFRANK RD btwn CASTLE GLEN CRES & TERRY FOX DR (__3ZACHJ),2022,4358,353040.34,5016339.895,45.285359,-75.885055,173
__3ZACOC,CONDUCTOR AVE btwn BEVERLY ST & HOBIN ST (__3ZACOC),2022,103,349494.4029,5013693.62,45.261781,-75.930493,174
e___2HNH,KELLY FARM DR btwn BARRETT FARM DR & TROLLIUS WAY (e___2HNH),2022,3465,,,,,175
__3ZBOC1,FOURTH LINE RD btwn PHELAN RD W & POLLOCK RD (__3ZBOC1),2022,1549,364670.2144,5001327.793,45.149384,-75.73862,176
__4OEHEX,SCAMPTON DR btwn PORTADOWN CRES & PORTADOWN CRES (__4OEHEX),2022,280,348452.9825,5023428.847,45.349447,-75.942905,177
__3ZA92Z,THIRD AVE btwn BANK ST & LYON ST S (__3ZA92Z),2022,1194,368237.2096,5029492.559,45.402496,-75.689663,178
__3ZAAV6,CHESTERTON DR btwn SOUTHVIEW CRES & SOUTHVIEW CRES (__3ZAAV6),2022,3189,365383.1995,5023851.528,45.351992,-75.726809,179
__3ZBPKC,KLONDIKE RD btwn ROY ERRINGTON WAY & WALLSEND AVE (__3ZBPKC),2022,1955,348463.2074,5023319.311,45.348461,-75.942784,180
__3ZA5TS,BEAUREGARD CRES btwn MONTCREST DR & MONTCREST DR (__3ZA5TS),2022,148,384589.4155,5038584.291,45.482623,-75.479339,181
__3ZBPKS,HENN DR btwn LOEPER ST & LOEPER ST (__3ZBPKS),2022,300,389057.2289,5032100.394,45.423763,-75.423307,182
e___2HYB,MALAHAT WAY btwn ABBOTT ST    E & EGO TERR (e___2HYB),2022,247,352499.8027,5015964.286,45.282016,-75.891981,183
__54M2Q9,FLETCHER CIRC btwn KEYROCK DR & TORBEC AVE (__54M2Q9),2022,594,349541.0147,5020124.598,45.319646,-75.929319,184
__3ZA3YNA,TENTH LINE RD (__3ZA3YNA),2022,21317,383441.4139,5037361.469,45.471751,-75.494217,185
__3ZA66E,LUMBERMAN WAY btwn BONAVENTURE TER & CALUMET LANE (__3ZA66E),2022,1034,380363.5197,5037084.191,45.469596,-75.533619,186
__3ZA2IV,WHALINGS CIRC (__3ZA2IV),2022,688,348645.0735,5013622.928,45.261198,-75.941321,187
__3ZA1YM,MCCURDY DR btwn PATCH WAY & SICARD WAY (__3ZA1YM),2022,1031,351963.907,5017828.534,45.298827,-75.898635,188
__3ZA0VB,ECCLES ST btwn BOOTH ST & ROCHESTER ST (__3ZA0VB),2022,337,366567.7019,5030162.066,45.40867,-75.710903,189
__3ZA32D,BOOTH ST btwn ELM ST & SPRUCE ST (__3ZA32D),2022,4433,366544.7019,5030362.068,45.410471,-75.711172,190
__3ZA05G,FAIRMONT AVE btwn DUHAMEL ST & GLADSTONE AVE (__3ZA05G),2022,1289,365701.6995,5029422.56,45.402092,-75.722057,191
__3ZA93F,PERCY ST btwn GLENDALE AVE & RENFREW AVE (__3ZA93F),2022,1019,367604.2071,5029748.562,45.404857,-75.697716,192
__3ZA02S,LANARK AVE btwn BEECHGROVE AVE & CHURCHILL AVE N (__3ZA02S),2022,1503,363073.8457,5028869.346,45.397338,-75.755687,193
__5GN1JO,STATEWOOD DR btwn BRADY AVE & MALKOWSKI ST (__5GN1JO),2022,397,348703.1506,5022818.213,45.343937,-75.939767,194
__3ZA5DG,TENNYSON ST btwn DEERLANE AVE & MAYO AVE (__3ZA5DG),2022,233,366755.2071,5020875.488,45.325094,-75.709673,195
__3ZA0GA,LEBRETON ST    S btwn DANIEL MCCANN ST & PLYMOUTH ST (__3ZA0GA),2022,611,367031.7049,5029511.56,45.402775,-75.705058,196
__3ZBOWD,BOLTON ST btwn DALHOUSIE ST & PARENT AVE (__3ZBOWD),2022,728,367668.2015,5032960.592,45.433752,-75.696488,197
__3ZABSS,GRADY CRES btwn JANSEN RD & MCCLELLAN RD (__3ZABSS),2022,162,360214.4492,5021227.541,45.328809,-75.793063,198
__3ZA14D,NORICE ST btwn DARLY PL & GLENRIDGE RD (__3ZA14D),2022,648,364850.2955,5023380.492,45.3478,-75.733666,199
__3ZA4I1,MAITLAND AVE btwn HENRY FARM DR & TERREBONNE DR (__3ZA4I1),2022,24361,363929.0306,5025138.397,45.363695,-75.745212,200
__3ZA8JP,HENDERSON AVE btwn LAURIER AVE E & OSGOODE ST (__3ZA8JP),2022,1148,368863.7075,5031986.081,45.424875,-75.681337,201
__3ZA7LS,JEANNE D'ARC BLVD btwn KINGLET WAY & MILLROAD WAY (__3ZA7LS),2022,4062,381957.686,5039108.318,45.487633,-75.512916,202
__3ZBN8P,JEANNE D'ARC BLVD  N btwn AVIGNON CRT & DECARIE DR (__3ZBN8P),2022,8226,380744.2471,5038502.819,45.482319,-75.528531,203
__3ZA75D,PLEASANT PARK RD btwn CORNISH ST & VALLEY DR (__3ZA75D),2022,5253,373260.1034,5028681.657,45.394727,-75.625621,204
__3ZA8JZ,PRINCE ALBERT ST btwn LOLA ST & NAUGHTON ST (__3ZA8JZ),2022,451,371239.561,5031985.098,45.424645,-75.65098,205
__3ZA8KT,EDITH AVE btwn GLYNN AVE & KING GEORGE ST (__3ZA8KT),2022,832,370920.7151,5032128.579,45.425966,-75.655035,206
__3ZA9JF,AYLMER AVE btwn BANK ST & GALT ST (__3ZA9JF),2022,2153,368630.838,5028704.286,45.395368,-75.684738,207
e___2IN5,CASA GRANDE CIR btwn CASA GRANDE CIR & CASA GRANDE CIR (e___2IN5),2022,209,384374.3602,5034273.769,45.443865,-75.482787,208
__3ZA18P,NORTH SERVICE RD btwn ROSSIGNOL CRES & TRIM RD (__3ZA18P),2022,2173,383614.8144,5039910.026,45.494661,-75.491591,209
__3ZAAED,ABINGDON DR btwn COSTELLO AVE & TRIMBLE CRES (__3ZAAED),2022,530,360367.6735,5021949.993,45.335298,-75.791027,210
__3ZABF1,HADLEY CIRC btwn TANGLEWOOD DR & WAREHAM ST (__3ZABF1),2022,488,357296.886,5020353.705,45.32117,-75.830373,211
__3ZAASU,DAVID DR btwn HOWDEN AVE & WOODROFFE AVE (__3ZAASU),2022,1485,363020.0329,5022926.255,45.343867,-75.757075,212
__3ZAAS3,SULLIVAN AVE btwn DAVID DR & HOWDEN AVE (__3ZAAS3),2022,418,363321.6901,5023041.004,45.344874,-75.753212,213
__3ZAAN9,NORMANDY CRES btwn APELDOORN AVE & CLAYMOR AVE (__3ZAAN9),2022,635,367072.5764,5025028.154,45.362431,-75.705102,214
e___2HP4,AXIS WAY btwn FERN CASEY ST & LYNN VALLEY TERR (e___2HP4),2022,1616,382300.7568,5033683.11,45.438784,-75.509383,215
e___2HV5,HEPATICA WAY btwn GENEVRIERS ST & MAGNOLIA ST (e___2HV5),2022,217,384341.7237,5034538.382,45.44625,-75.483161,216
e___2HV1,HEPATICA WAY btwn DES AUBEPINES DR & MAGNOLIA ST (e___2HV1),2022,230,384364.1338,5034378.108,45.444805,-75.482901,217
__3ZA3M4,NAVAN RD (__3ZA3M4),2022,3806,388091.3484,5032188.503,45.424671,-75.435633,218
__42HNW4,NAVAN RD btwn INNES RD & ORLEANS BLVD (__42HNW4),2022,13779,380115.0327,5033202.246,45.434696,-75.537391,219
__3ZA3XS,NAVAN RD btwn CANARY ST & MILTON RD (__3ZA3XS),2022,7025,386984.0298,5031762.903,45.420973,-75.449852,220
__3ZA3Y0,NAVAN RD btwn CANARY ST & TENTH LINE RD (__3ZA3Y0),2022,7507,386225.067,5031860.095,45.421936,-75.459532,221
__3ZA3Q3,BANK ST btwn JAMES ST & WAVERLEY ST (__3ZA3Q3),2022,8996,367841.206,5030686.57,45.413275,-75.694568,222
__3ZA3BB,SOMERSET ST    W btwn BAY ST & LYON ST N (__3ZA3BB),2022,6897,367307.4291,5030682.729,45.413289,-75.701388,223
__3ZA341,SOMERSET ST    W btwn ELGIN ST & METCALFE ST (__3ZA341),2022,3845,368087.7066,5031151.574,45.417437,-75.69136,224
__3ZA3B9,GLADSTONE AVE btwn BRONSON AVE & PERCY ST (__3ZA3B9),2022,6683,367229.4062,5030146.388,45.40847,-75.702453,225
__3ZA3QC,GLADSTONE AVE btwn ELGIN ST & METCALFE ST (__3ZA3QC),2022,2839,368307.7079,5030797.571,45.414232,-75.688595,226
__3ZA8XI,GENEST ST btwn MARIER AVE & ST. CHARLES ST (__3ZA8XI),2022,370,369681.2071,5033718.096,45.440384,-75.670663,227
__3ZA8XX,ALICE ST btwn DAGMAR AVE & VACHON AVE (__3ZA8XX),2022,527,369776.2071,5033696.095,45.440177,-75.669452,228
__3ZAAIZ,BAYSWATER AVE btwn LAUREL ST & SOMERSET ST W (__3ZAAIZ),2022,3431,365862.7663,5029801.66,45.405489,-75.719953,229
__3ZA42DB,MARCH RD btwn 280 S OF CARLING AVE/GATEWAY MALL SC & TERON RD (__3ZA42DB),2022,25148,351251.2435,5021876.196,45.335296,-75.907342,230
__3ZACT4,JOCK TR btwn MUNSTER RD & WOOD'S RD (__3ZACT4),2022,102,350854.2016,4999162.775,45.130938,-75.914509,231
__3ZABO9,MIDLAND CRES btwn HALLOWELL CRT & MOSS CRT (__3ZABO9),2022,307,361197.3394,5020477.115,45.321978,-75.780611,232
__3ZA0CV,BENJAMIN AVE btwn BLYTHDALE RD & FAIRLAWN AVE (__3ZA0CV),2022,230,362320.6496,5025188.296,45.364278,-75.765735,233
__49AYVZ,TAUVETTE ST (__49AYVZ),2022,645,377236.6095,5032740.859,45.430849,-75.574243,234
__3ZA5QH,GREENLAND RD btwn PINE VALLEY CRT & VENTURI BLVD (__3ZA5QH),2022,518,341458.8513,5036712.004,45.469373,-76.031172,235
__3ZA42C,MARCH RD btwn HERZBERG RD & TERON RD (__3ZA42C),2022,25319,351874.5493,5021668.568,45.333386,-75.899409,236
__3ZA3XQ,RIDEAU ST btwn CHARLOTTE ST & WURTEMBURG ST (__3ZA3XQ),2022,5109,369305.0789,5032892.034,45.432986,-75.675579,237
__3ZBPLT,RIDEAU ST btwn MONTREAL RD & RIDEAU PL (__3ZBPLT),2022,14984,369584.0832,5032940.663,45.433398,-75.672007,238
__3ZA1LA,RIDEAU ST btwn RIDEAU PL & WURTEMBURG ST (__3ZA1LA),2022,13839,369439.4871,5032965.945,45.433639,-75.673851,239
__3ZBOI9,MALVERN DR btwn THISTLEDOWN CRT & TRIPP CRES (__3ZBOI9),2022,5083,363138.7128,5016055.102,45.282031,-75.756369,240
__3ZA9P3,JEFFERSON ST btwn ARIZONA AVE & LORRAINE AVE (__3ZA9P3),2022,2354,371795.7279,5027176.537,45.381326,-75.644527,241
__3ZA6V9,9TH LINE RD btwn SPRINGHILL RD & VICTORIA ST (__3ZA6V9),2022,419,387888.0935,5010314.256,45.227889,-75.4419,242
__3ZAZ7M,DONWEL DR btwn BUSH DR & STEPHANIE ANNE DR (__3ZAZ7M),2022,226,378794.6966,5013199.255,45.254861,-75.557256,243
__8JUUSV,LOMBARDY DR btwn LOGAN FARM DR & REIDS LANE (__8JUUSV),2022,177,375007.1106,5001456.313,45.149589,-75.607161,244
__3ZAZFL,BLAIR RD btwn OR174 IC112 RAMP26 & OR174 IC112 RAMP52 (__3ZAZFL),2022,28212,374785.2682,5032811.245,45.431732,-75.605558,245
__3ZA2E1,BLAIR RD btwn MEADOWBROOK RD & OR174 IC112 RAMP15 (__3ZA2E1),2022,21748,375053.231,5032484.072,45.428761,-75.60218,246
__3ZBN93,BLAIR RD btwn BEAVERPOND DR & LAURA PRIV (__3ZBN93),2022,15831,375349.3494,5032003.417,45.424407,-75.598465,247
__3ZA9IT,WILLARD ST btwn BELMONT AVE & SUNNYSIDE AVE (__3ZA9IT),2022,306,368840.78,5028544.121,45.393908,-75.682077,248
__3ZA9IL,BELMONT AVE btwn BANK ST & WILLARD ST (__3ZA9IL),2022,952,368842.7135,5028447.05,45.393034,-75.682065,249
e___2JWG,DECOEUR DR btwn DE L'ESTURGEON ST & MOUNTAIN SORREL WAY (e___2JWG),2022,3513,,,,,250
__3ZA0IN,DAWSON AVE btwn IONA ST & WESLEY AVE (__3ZA0IN),2022,105,363907.2065,5028223.252,45.391454,-75.745121,251
__3ZA9I4,FAIRBAIRN ST btwn BELMONT AVE & SUNNYSIDE AVE (__3ZA9I4),2022,176,368907.2135,5028583.55,45.394256,-75.681224,252
__3ZA8HL,PRESLAND RD btwn FRANCES ST & NAUGHTON ST (__3ZA8HL),2022,759,371453.2176,5031917.576,45.424017,-75.648259,253
__3ZA9I7,BELLWOOD AVE btwn BELMONT AVE & SUNNYSIDE AVE (__3ZA9I7),2022,85,368999.4341,5028638.488,45.394742,-75.680039,254
__8IAYIU,TERRY FOX DR btwn HUNTSVILLE DR & OLD SECOND LINE RD (__8IAYIU),2022,12279,347872.377,5021267.622,45.330036,-75.950502,255
__51NOTD,TERRY FOX DR btwn RICHARDSON SIDE RD & TILLSONBURG ST (__51NOTD),2022,14221,348945.8188,5019411.451,45.313267,-75.936974,256
e___2JH1,LIVERY ST btwn BALIKUN HTS & GINSENG TERR (e___2JH1),2022,659,352620.3039,5014913.168,45.272549,-75.890547,257
e___2J44,ACONITUM WAY btwn BARRETT FARM DR & LAVATERA ST (e___2J44),2022,261,,,,,258
__3ZA5JH,RENSHAW AVE btwn KEARNSLEY WAY & STONEPATH CRES (__3ZA5JH),2022,1124,348834.3288,5013567.294,45.260686,-75.938915,259
__3ZAC9H,DONALD B. MUNRO DR btwn DIAMONDVIEW RD & VAUGHAN SIDE RD (__3ZAC9H),2022,1217,337699.5093,5021773.768,45.335141,-76.080246,260
__3ZACD8,DONALD B. MUNRO DR btwn JOHN SHAW RD & WILLIAM HODGINS LANE (__3ZACD8),2022,849,335801.3469,5022703.707,45.343595,-76.104405,261
__7JQ7ID,SPRUCE RIDGE RD btwn HAZELDEAN RD & RICHARDSON SIDE RD (__7JQ7ID),2022,800,344209.0047,5013237.762,45.257995,-75.997874,262
__3ZBPNH,CHARTWELL AVE btwn CRAIGMOHR CRT & MIDPARK WAY (__3ZBPNH),2022,408,362315.2814,5021711.666,45.332996,-75.766208,263
__4WKBR1,LLOYDALEX CRES btwn ECHO POND WAY & ECHOWOODS AVE (__4WKBR1),2022,569,348567.4963,5014751.31,45.271357,-75.94221,264
__3ZACQT,NEIL AVE btwn CARP RD & MCCOOEYE LANE (__3ZACQT),2022,253,349142.9725,5014444.425,45.268559,-75.934904,265
__4TYA7Z,FRIENDLY CRES (__4TYA7Z),2022,118,351835.3334,5012495.697,45.250849,-75.900779,266
__3ZA6F7,VINEYARD DR btwn BEAUJOLAIS CRES & BURGUNDY LANE (__3ZA6F7),2022,877,378771.6601,5036971.477,45.468753,-75.553991,267
__3ZA88E,PLEASANT PARK RD btwn DELMAR DR & DORVAL AVE (__3ZA88E),2022,3481,372000.4275,5028557.421,45.393731,-75.641725,268
__3ZA372,RIVERSIDE DR btwn HOG'S BACK RD & RIDGEWOOD AVE (__3ZA372),2022,25796,368218.2394,5025915.144,45.370309,-75.690365,269
__3ZA71F,MANOTICK STATION RD btwn HERBERTS CORNERS RD & SNAKE ISLAND RD (__3ZA71F),2022,1514,376365.6485,5006653.405,45.196215,-75.589141,270
__3ZA9QM,FEATHERSTON DR btwn WYNDALE CRES & WYNDALE CRES (__3ZA9QM),2022,1688,371615.0767,5027351.133,45.382914,-75.64681,271
__3ZA2KT,MCMASTER AVE btwn ASTER ST & VIRGINIA DR (__3ZA2KT),2022,187,371659.1988,5027813.585,45.387071,-75.646184,272
__3ZA9YO,BROOKFIELD RD btwn CLEMENTINE BLVD & FALCON AVE (__3ZA9YO),2022,805,369611.7189,5026382.032,45.374383,-75.672516,273
__3ZA9XG,KALADAR AVE btwn DARTMOUTH AVE & TRAVERSE DR (__3ZA9XG),2022,510,369755.3668,5026208.981,45.372813,-75.670705,274
__3ZBOFO,HERON RD btwn BAYCREST DR & FINN CRT (__3ZBOFO),2022,20216,370987.6011,5026962.356,45.379476,-75.654873,275
__3ZA0SL,KITCHENER AVE btwn COCHRANE ST & JASPER AVE (__3ZA0SL),2022,2334,370979.9222,5025760.451,45.368662,-75.655132,276
__3ZA9YH,HEATHERINGTON RD btwn ALBION RD N & BANNERHILL PRIV (__3ZA9YH),2022,2529,371476.1056,5026261.217,45.373121,-75.648731,277
__3ZA9QQ,RANDALL AVE btwn RALSTON ST & RIDGECREST PL (__3ZA9QQ),2022,892,370213.0218,5027341.87,45.382963,-75.664712,278
__3ZA0SC,NOTTING HILL AVE btwn HAMPSTEAD PL & VANCOUVER AVE (__3ZA0SC),2022,187,370843.2249,5025997.529,45.370808,-75.656846,279
__3ZA3JH,MACFARLANE RD btwn GREENSIDE AVE & O'DONNELL CRT (__3ZA3JH),2022,3549,367114.7096,5021365.492,45.329472,-75.705025,280
__3ZA3IW,MACFARLANE RD btwn BRISBANE RD & PINEGLEN CRES (__3ZA3IW),2022,3511,366669.3955,5021082.664,45.326966,-75.710741,281
__3ZA1VC,PIKE ST btwn CASTLEGREEN PRIV & HUNTERSFIELD DR (__3ZA1VC),2022,1921,373197.237,5025259.522,45.363942,-75.626898,282
__67PTNB,FINDLAY CREEK DR btwn BRADWELL WAY & GOLDEN SEDGE WAY (__67PTNB),2022,5503,374897.4292,5019861.661,45.315206,-75.605962,283
__3ZA08A,HIGHLAND AVE btwn BYRON AVE & KENWOOD AVE (__3ZA08A),2022,282,362800.4683,5027782.622,45.387582,-75.759306,284
__3ZA083,BROADVIEW AVE btwn BYRON AVE & KENWOOD AVE (__3ZA083),2022,1535,362734.7855,5027735.916,45.387167,-75.76015,285
__3ZA08J,DENBURY AVE btwn BYRON AVE & KENWOOD AVE (__3ZA08J),2022,384,362599.0995,5027635.241,45.386273,-75.761895,286
__3ZA07J,FRASER AVE btwn BYRON AVE & CROSSFIELD AVE (__3ZA07J),2022,744,362554.991,5027528.349,45.385314,-75.762471,287
__3ZAA3J,HEMMINGWOOD WAY btwn DRAFFIN CRT & NORTHGATE ST (__3ZAA3J),2022,1793,362039.1836,5023089.004,45.345412,-75.769571,288
__3ZA25N,WOODROFFE AVE btwn HWY417 IC127 RAMP35 & HWY417 IC127 RAMP63 (__3ZA25N),2022,25819,362131.1576,5024822.048,45.360998,-75.768197,289
e___2J6X,DUN SKIPPER DR btwn KELLY FARM DR & PINGWI PL (e___2J6X),2022,1669,,,,,290
__3ZABC2,LIARD ST btwn JOHN SIDNEY CRES N & SUNRAY CRES (__3ZABC2),2022,691,351358.4314,5012939.706,45.254876,-75.906813,291
__3ZACN9,LIARD ST btwn BASSWOOD AVE & STITTSVILLE MAIN ST (__3ZACN9),2022,662,350972.875,5012849.248,45.254088,-75.911733,292
__3ZA3SF,LEITRIM RD btwn BANK ST & FENTON RD (__3ZA3SF),2022,11463,374653.3685,5021143.95,45.326768,-75.608894,293
__8PNKGU,ROTARY WAY btwn FERNSIDE ST & SUNBURST ST (__8PNKGU),2022,1184,,,,,294
__3ZA9XV,TAPIOLA CRES btwn TAMMELA CRT & WHITE CLOVER PRIV (__3ZA9XV),2022,1374,372086.7321,5025234.522,45.363825,-75.641076,295
__3ZA3CM,LEES AVE btwn HWY417 IC118 RAMP45 & TRANSIT (__3ZA3CM),2022,7809,369621.2132,5030929.57,45.415299,-75.671797,296
__3ZA945,LYON ST    S btwn POWELL AVE & RENFREW AVE (__3ZA945),2022,970,367905.4281,5029827.712,45.405542,-75.693858,297
__3ZA056,CLEARVIEW AVE btwn ISLAND PARK DR & REMIC AVE (__3ZA056),2022,1689,363549.1133,5029317.931,45.401334,-75.749564,298
__3ZA4Z2,CARLING AVE btwn BAYFIELD AVE & BURKE RD (__3ZA4Z2),2022,9007,352593.229,5022509.097,45.340901,-75.890159,299
__3ZA4Z6A,CARLING AVE btwn BURKE RD & DEFENSE  RESEARCH COMPLEX (__3ZA4Z6A),2022,8902,353093.5817,5022820.363,45.343668,-75.883745,300
__3ZA933,GLEBE AVE btwn BANK ST & LYON ST S (__3ZA933),2022,1427,368124.6638,5029719.466,45.404548,-75.691072,301
__3ZA10N,BURMA RD btwn DRAYTON PRIV & PROVENDER AVE (__3ZA10N),2022,1586,373185.217,5034723.596,45.449097,-75.625739,302
__3ZA4GE,CRICHTON ST btwn ELECTRIC ST & THE MEWS LANE (__3ZA4GE),2022,3512,368848.1256,5033586.151,45.439273,-75.681328,303
__3ZBON0,HINTON AVE   S btwn KENILWORTH ST & SHERWOOD DR (__3ZBON0),2022,160,365260.6985,5028605.553,45.394779,-75.72779,304
__3ZA097,BUELL ST btwn HILSON AVE & PARKVIEW RD (__3ZA097),2022,417,364251.6946,5027908.047,45.388589,-75.74076,305
__3ZA8RV,LONDON TER btwn GEORGETON PRIV & HEMLOCK RD (__3ZA8RV),2022,1067,371234.8762,5034910.606,45.450967,-75.650645,306
__3ZA0JH,WESLEY AVE btwn BEVAN AVE & TWEEDSMUIR AVE (__3ZA0JH),2022,562,363706.2591,5028267.407,45.391869,-75.747682,307
__3ZAA7C,BREN-MAUR RD btwn EISENHOWER CRES & NEWLAND DR (__3ZAA7C),2022,474,366092.198,5014369.431,45.266612,-75.718934,308
e___2MQM,POPLIN ST btwn SPRATT RD & STOCKHOLM PRIV (e___2MQM),2022,1068,368399.3485,5014870.399,45.270914,-75.689472,309
__4YT1LV,WILBERT COX DR (__4YT1LV),2022,85,344253.6083,5015968.987,45.282569,-75.997089,310
__3ZBN8V,RENAUD RD btwn NAVAN RD & WHITE ST (__3ZBN8V),2022,3996,382304.4584,5033035.488,45.432957,-75.509438,311
__3ZA6ED,RICHER DR btwn LEGAULT ST & NOTRE DAME ST (__3ZA6ED),2022,266,380806.4807,5036780.152,45.466813,-75.528002,312
__3ZA4GQ,BASKINS BEACH RD btwn END & WREN ST (__3ZA4GQ),2022,170,343342.7848,5037813.407,45.479182,-76.006993,313
__3ZAC23,BASKINS BEACH RD btwn WREN ST & WREN ST (__3ZAC23),2022,182,343841.6213,5037638.155,45.477578,-76.000627,314
__3ZABTI,MCCLELLAN RD btwn PAULA CRES & PAULA CRES (__3ZABTI),2022,1310,360186.6721,5021380.488,45.330187,-75.7934,315
__3ZA2O3,BAYFIELD AVE btwn CARLING AVE & HERZBERG RD (__3ZA2O3),2022,362,352227.6757,5022268.765,45.338763,-75.894847,316
__3ZA7H2,MEADOW DR (__3ZA7H2),2022,126,378902.2036,5014004.272,45.262093,-75.555766,317
e___2KNQ,DECOEUR DR btwn AQUARIUM AVE/GUPPY GROVE & SCULPIN ST (e___2KNQ),2022,2895,,,,,318
__4CZONJ,FINN CRT btwn COLBERT CRES & COLBERT CRES (__4CZONJ),2022,416,370850.7289,5026778.161,45.377831,-75.656645,319
__3ZAARH,SUNNYCREST DR btwn MARSON ST & WILLETH AVE (__3ZAARH),2022,480,365856.2025,5025723.528,45.368795,-75.720541,320
__3ZBOD0,KIRKWOOD AVE btwn LAPERRIERE AVE & WOODWARD AVE (__3ZBOD0),2022,10201,364552.4255,5026929.718,45.379761,-75.737038,321
__3ZA3AI,KIRKWOOD AVE btwn COLDREY AVE & LAPERRIERE AVE (__3ZA3AI),2022,10244,364477.669,5027046.732,45.38082,-75.737978,322
__45KTKE,PARKIN CIRC btwn MAASS GT & STEDMAN ST (__45KTKE),2022,189,372560.5933,5022927.185,45.343018,-75.635344,323
__3ZAZAI,PETER MORAND CRES btwn END & ROGER GUINDON AVE (__3ZAZAI),2022,381,371863.911,5029654.014,45.403611,-75.643319,324
__3ZA2WC,BURNT LANDS RD btwn MARCH RD & VAUGHAN SIDE RD (__3ZA2WC),2022,210,332012.1203,5014658.101,45.271354,-76.153198,325
__3ZA6WJ,MARIONVILLE RD btwn 8TH LINE RD & 9TH LINE RD (__3ZA6WJ),2022,489,390138.0758,5002394.749,45.156366,-75.414608,326
__3ZA8L8,BORTOLOTTI CRES btwn BRADSHAW CRES & BRADSHAW CRES (__3ZA8L8),2022,182,374519.4906,5031772.476,45.422412,-75.609101,327
e___1G0P,WARMSTONE DR btwn CENTO WAY & ROSEHILL AVE (e___1G0P),2022,585,350163.4043,5016274.002,45.284957,-75.921733,328
__3ZAA60,MAPLEHILL WAY btwn HAZELWOOD WAY & PRINCE OF WALES DR (__3ZAA60),2022,102,366868.2346,5012560.109,45.250263,-75.709271,329
__3ZA3FF,DUNROBIN RD btwn CONSTANCE BAY RD & KINBURN SIDE RD (__3ZA3FF),2022,6073,337425.0672,5036577.193,45.46836,-76.082768,330
__3ZBOWZ,MARIER AVE btwn CARILLON ST & DESCHAMPS AVE (__3ZBOWZ),2022,4355,370352.2101,5033378.591,45.437266,-75.662132,331
__3ZBOWW,MARIER AVE btwn ETHEL ST & MONTFORT ST (__3ZBOWW),2022,3926,370279.2096,5033507.593,45.438434,-75.663048,332
__5A7MC7,AQUAVIEW DR btwn BEAUCACHE PRIV & LOUIS TOSCANO DR (__5A7MC7),2022,969,384684.1736,5035297.161,45.453037,-75.478661,333
__5Z1T0B,WORTHAM WAY btwn CLARINGTON AVE & SARABELLA ST (__5Z1T0B),2022,86,385144.3995,5035158.402,45.451736,-75.4728,334
__6REWP9,RYWALK CIRC (__6REWP9),2022,109,372347.3718,5024547.539,45.357618,-75.637843,335
__3ZA7LC,CENTREPARK DR btwn BEARBROOK RD & SILVER ASPEN CRES (__3ZA7LC),2022,141,377759.6049,5033026.672,45.433366,-75.567517,336
__3ZA035,BEECH ST btwn BAYSWATER AVE & BREEZEHILL AVE S (__3ZA035),2022,881,366234.2019,5029078.057,45.398945,-75.715298,337
__3ZA31L,ROCHESTER ST btwn GLADSTONE AVE & HWY417 IC121B RAMP16 (__3ZA31L),2022,10283,366700.203,5029703.062,45.404528,-75.709268,338
__3ZA6KF,CLEROUX CRES btwn INNES RD & ORIENT PARK DR (__3ZA6KF),2022,382,379094.8516,5033401.207,45.436596,-75.550398,339
__3ZBPIW,ST. PIERRE ST btwn ROCQUE ST & ST. JOSEPH BLVD (__3ZBPIW),2022,407,381297.2208,5037624.081,45.474352,-75.521595,340
__3ZA2G9,COLONIAL RD btwn DELSON DR & FRANK KENNY RD (__3ZA2G9),2022,4628,389767.7022,5031976.614,45.422563,-75.414251,341
__3ZA04M,BAYSWATER AVE btwn FERN AVE & OAKVALE AVE (__3ZA04M),2022,1989,366140.7015,5029159.558,45.399687,-75.716482,342
__3ZAAIA,BREEZEHILL AVE   N btwn LAUREL ST & SOMERSET ST W (__3ZAAIA),2022,815,365959.2985,5029843.475,45.405856,-75.718715,343
__3ZA31S,GLADSTONE AVE btwn PRESTON ST & ROCHESTER ST (__3ZA31S),2022,7259,366576.8345,5029749.948,45.404961,-75.710838,344
__86L61O,SUMMERHILL ST btwn GOLDEN SPRINGS CRES E & MATTINGLY WAY/GOLDEN SPRINGS CRES (__86L61O),2022,980,367931.2744,5014405.507,45.266774,-75.695495,345
__3ZA3H3,MITCH OWENS RD btwn LIMEBANK RD & SPRATT RD (__3ZA3H3),2022,11595,370814.979,5011576.179,45.241051,-75.659127,346
__3ZA7HW,PARKWAY RD btwn GOOD ST & KESWICK DR (__3ZA7HW),2022,2887,378237.7655,5013897.942,45.261206,-75.564247,347
__86L61E,BRIAN GOOD AVE btwn HAWKESWOOD DR & SUMMERHILL ST (__86L61E),2022,1504,368171.77,5014459.675,45.267239,-75.692424,348
__3ZACCH,CORKERY RD btwn MANION RD & MARCH RD (__3ZACCH),2022,348,337340.1174,5014773.616,45.272167,-76.08529,349
e___2HJX,DES SOLDATS-RIENDEAU ST btwn LAMPREY ST & RIVER MIST RD (e___2HJX),2022,524,364794.5187,5011697.509,45.242682,-75.735791,350
__3EX1Y6,GOLDENEYE WAY btwn ANTIQUE CRT & ROCKY HARBOUR CRES (__3EX1Y6),2022,802,368843.3941,5016038.615,45.281386,-75.683662,351
__3ZA5P6,LONG ISLAND RD btwn CINDY HILL CRES & WATERPARK PL (__3ZA5P6),2022,1141,368285.4205,5011176.973,45.237692,-75.691395,352
__3ZA39Q,BRIDGE ST btwn ARTHUR CRES & WEST RIVER DR (__3ZA39Q),2022,14129,368999.9232,5010246.39,45.229253,-75.682416,353
__6KE629,MOODIE DR btwn ARNOLD DR & SONGBIRD PRIV (__6KE629),2022,2826,357576.0963,5019256.403,45.311276,-75.826929,354
__3ZA5CB,AMIENS ST btwn BLACKHEATH ST & DUFORD DR (__3ZA5CB),2022,2296,382378.1324,5037347.089,45.471741,-75.507816,355
__3ZAZVG,LONGLEAF DR btwn APPLE LEAF WAY & ORLEANS BLVD (__3ZAZVG),2022,666,380775.4968,5033551.703,45.437769,-75.528896,356
__3ZA6E0,CARRIERE ST btwn MICHAELSEM ST & ORLEANS BLVD (__3ZA6E0),2022,1048,381072.5434,5036691.589,45.465987,-75.524613,357
__3ZA6DT,BEAUSEJOUR DR btwn BARRINGTON ST & ORLEANS BLVD (__3ZA6DT),2022,3513,381158.7888,5035925.821,45.459088,-75.523629,358
__3ZA6WY,PRESTWICK DR btwn GALLOWAY DR & PAYETTE DR (__3ZA6WY),2022,1915,383193.1777,5037008.439,45.468603,-75.497448,359
e___2ICA,DES AUBEPINES DR btwn DECOEUR DR & HYSSOP ST/YELLOWCRESS WAY (e___2ICA),2022,1766,384140.7908,5034625.982,45.447061,-75.485715,360
e___2HVN,DECOEUR DR btwn DES AUBEPINES DR & MAGNOLIA ST (e___2HVN),2022,2648,384307.6665,5034628.78,45.447067,-75.483582,361
e___2HP3,FERN CASEY ST btwn AXIS WAY & LOCUST RIDGE (e___2HP3),2022,3525,382464.6074,5033601.874,45.438035,-75.507302,362
__3ZA6QZ,SUNVIEW DR btwn DES EPINETTES AVE & DES PERDRIX CRES (__3ZA6QZ),2022,1863,382128.4822,5036050.077,45.460099,-75.511213,363
__3ZA6XD,DUFORD DR btwn CHARTRAND AVE & FRASER PK (__3ZA6XD),2022,2085,382101.5046,5037437.675,45.472586,-75.511339,364
__3ZAAVF,WITHROW AVE btwn BASSANO ST & PENDER ST (__3ZAAVF),2022,496,364223.3596,5023965.538,45.353117,-75.741596,365
__3ZA9WR,TRAPPER'S RD btwn ALDERWOOD ST & FARRIERS LANE (__3ZA9WR),2022,923,371918.5026,5023272.787,45.34619,-75.643489,366
__4O3KAZ,OWLS CABIN AVE btwn CANYON WALK DR & FEATHER MOSS WAY (__4O3KAZ),2022,207,369022.6736,5016668.313,45.287035,-75.681296,367
__4QVZS3,CLARIDGE DR btwn CLENNING ST & UPNEY DR (__4QVZS3),2022,2193,364965.1706,5016469.845,45.285608,-75.73304,368
__3ZBN85,ST. GEORGES ST btwn GALLOWAY DR & GLENEAGLES AVE (__3ZBN85),2022,1974,382805.4472,5037050.661,45.469026,-75.502399,369
__3ZAB12,PALOMINO DR btwn CHICKASAW CRES S & ROTHESAY DR (__3ZAB12),2022,1188,354250.8861,5017334.895,45.294228,-75.869525,370
__3ZA3V2,KING EDWARD AVE btwn DALY AVE & STEWART ST (__3ZA3V2),2022,13596,368613.206,5032239.584,45.427179,-75.684505,371
__3ZAALG,ALBANY DR btwn EMERALD AVE & HANBURY ST (__3ZAALG),2022,339,363216.786,5024648.547,45.359348,-75.754361,372
__3ZAACU,WOODLAND AVE btwn BYRON AVE & MIDWAY AVE (__3ZAACU),2022,149,361396.6819,5026151.531,45.373021,-75.777419,373
__3ZA0LI,LONG ISLAND RD btwn RIVERSIDE CRES & SUNRISE AVE (__3ZA0LI),2022,1582,368665.1527,5010649.641,45.232912,-75.686627,374
__3ZA705,EASTVALE DR btwn LOYOLA AVE & OGILVIE RD (__3ZA705),2022,3193,375573.7374,5035069.361,45.45197,-75.595157,375
__3ZA8P3,ROSEBELLA AVE btwn CONROY RD & EIGHTH ST (__3ZA8P3),2022,1413,374060.243,5024055.513,45.353024,-75.616052,376
__3ZACOP,CARLETON CATHCART ST btwn BRADLEY ST & RALPHPARK ST (__3ZACOP),2022,473,350868.5896,5013061.418,45.256004,-75.913042,377
__3ZA9MT,MONK ST btwn ERNIE BRADY LANE & WOODLAWN AVE (__3ZA9MT),2022,1397,368468.3821,5029067.259,45.398649,-75.686765,378
__3ZA7XS,CROWNHILL ST btwn SEGUIN ST & SUMAC ST (__3ZA7XS),2022,786,374505.4924,5034205.87,45.444308,-75.608935,379
e___2KKW,VIVERA PL btwn CLIO ST & MERRILLL ST (e___2KKW),2022,154,,,,,380
__3ZABDO,PICKFORD DR btwn KOFFMAN CRT & SHATNER GT (__3ZABDO),2022,1008,353379.4026,5018767.074,45.307176,-75.880495,381
__3ZA3A3,BEECHWOOD AVE btwn GREEN AVE & MARQUETTE AVE (__3ZA3A3),2022,10866,369676.206,5034026.099,45.443155,-75.670687,382
__3ZA8ON,BADEN AVE btwn AUTUMNWOOD ST & AUTUMNWOOD ST (__3ZA8ON),2022,191,372323.8773,5022705.258,45.341044,-75.638394,383
__3ZAZNO,MARSHWOOD RD btwn DEERTAIL LANE & VAUGHAN SIDE RD (__3ZAZNO),2022,84,332947.1182,5019731.43,45.31697,-76.140995,384
__3ZA4XL,CARBERY DR (__3ZA4XL),2022,361,350607.0901,5013786.924,45.262549,-75.916307,385
__3ZBNG1,BRITANNIA RD btwn CONN ST & PRISCILLA ST (__3ZBNG1),2022,1207,360059.6746,5025005.52,45.362815,-75.794615,386
__3ZA9KT,SUNNYSIDE AVE btwn BELLWOOD AVE & RIVERDALE AVE (__3ZA9KT),2022,3878,369036.2571,5028759.2,45.395825,-75.679553,387
__3ZBOYM,NORTH RIVER RD btwn GLYNN AVE & OLGA ST (__3ZBOYM),2022,2148,370039.2121,5032027.579,45.42514,-75.666312,388
__3ZA16W,KELLY AVE btwn MONCTON RD & NEVILLE ST (__3ZA16W),2022,1022,360433.6757,5024018.081,45.353901,-75.789953,389
__3ZA0EM,KERR AVE btwn BOYD AVE & NADOLNY SACHS PRIV (__3ZA0EM),2022,2012,363377.2754,5026601.344,45.376905,-75.752081,390
__3ZAA6N,KERR AVE btwn DENISON CRES & REX AVE (__3ZAA6N),2022,451,363111.1901,5026480.034,45.375836,-75.755492,391
__3ZABSG,CONOVER ST btwn CHARING RD & ELVASTON AVE (__3ZABSG),2022,950,361840.9614,5021417.04,45.330384,-75.772293,392
__3ZA6HI,SARSFIELD RD btwn COLONIAL RD & LARMOURS RD (__3ZA6HI),2022,268,395345.2105,5033852.698,45.438742,-75.342649,393
__3ZABUR,NEVILLE ST btwn CLARENDA ST & KELLY AVE (__3ZABUR),2022,915,360479.6736,5024124.184,45.354852,-75.789354,394
__4FP8A8,CHAPMAN MILLS DR btwn SUMMERLINE GT & WOODROFFE AVE (__4FP8A8),2022,2842,366113.8515,5015185.772,45.273955,-75.718557,395
__3ZA8EX,PEACH TREE LANE btwn KAREN WAY & MEADOW PARK PL (__3ZA8EX),2022,87,371303.4543,5034578.902,45.447976,-75.649813,396
__6XF94A,COLONNADE RD    N btwn COLONNADE RD & CORINTH PRIV (__6XF94A),2022,5329,366248.4052,5023046.531,45.344674,-75.715867,397
__3ZAA5Y,CALDWELL AVE btwn MEDFORD ST & MORISSET AVE (__3ZAA5Y),2022,2407,364520.9054,5026087.657,45.372187,-75.737542,398
__3ZAZTU,SPRATT RD btwn CANYON WALK DR & SHORELINE DR (__3ZAZTU),2022,5608,368571.1992,5015860.855,45.279811,-75.687154,399
__3ZA9MB,MONK ST btwn HOLMWOOD AVE & TACKABERRY LANE (__3ZA9MB),2022,1619,368435.6981,5029144.66,45.399348,-75.687173,400
__3ZBOWM,ST. CHARLES ST btwn BARRETTE ST & LAVAL ST (__3ZBOWM),2022,411,369498.206,5033703.596,45.44027,-75.673004,401
__3ZA9L7,SOUTHERN DR btwn BRISTOL AVE & RIVERDALE AVE (__3ZA9L7),2022,285,369148.3168,5028919.889,45.39726,-75.678101,402
__3ZBO4F,CHARBONNEAU ST btwn SCHOUTEN DR & SCHOUTEN DR (__3ZBO4F),2022,65,382821.1557,5036666.308,45.465566,-75.502259,403
__3ZAAOA,MILLBROOK CRES btwn DEER PARK RD & GREENWICH AVE (__3ZAAOA),2022,148,366057.2898,5025214.315,45.364196,-75.718037,404
__3ZAAOE,MILLBROOK CRES btwn DEER PARK RD & HILLIARD AVE (__3ZAAOE),2022,651,366015.1027,5025285.565,45.364841,-75.718567,405
__3ZA6RD,DES EPINETTES AVE btwn COTTONWOOD CRES & LAFRANCE DR (__3ZA6RD),2022,4722,383250.2559,5036581.569,45.464756,-75.496786,406
__30XHQS,BLUE WILLOW CRES btwn DES GRANDS CHAMPS & LONGWATER ST (__30XHQS),2022,715,380785.9438,5033271.029,45.435243,-75.528806,407
__3ZAAPS,HILLIARD AVE btwn MILLBROOK CRES & VANSON AVE (__3ZAAPS),2022,272,366174.3037,5025434.121,45.366163,-75.716516,408
__3ZAAQY,HILLIARD AVE btwn OAKWOOD AVE & VANSON AVE (__3ZAAQY),2022,480,366240.2045,5025621.027,45.367839,-75.715652,409
__3ZAAO6,HILLIARD AVE btwn BARLYN AVE & LYALL ST (__3ZAAO6),2022,355,365860.2976,5025221.713,45.364279,-75.720551,410
__3ZA1D3,BELLA VISTA DR btwn MEADOW LANE RD & TED KELLY LANE (__3ZA1D3),2022,101,386052.9764,5041899.99,45.512285,-75.460071,411
__3ZABWO,GREENVIEW AVE btwn CARLING AVE & DON ST (__3ZABWO),2022,744,359955.5199,5024843.878,45.361369,-75.795963,412
__3ZA8JV,QUEEN MARY ST btwn MARION AVE & VANIER PKWY (__3ZA8JV),2022,2023,370285.42,5031948.833,45.424408,-75.663176,413
__3ZA78Y,SAUNDERSON DR btwn HAIG DR & RAGLAN AVE (__3ZA78Y),2022,883,372655.505,5029473.352,45.401909,-75.633234,414
__3ZA781,CUBA AVE btwn HUTTON AVE & RUSSELL RD (__3ZA781),2022,698,372995.6542,5029461.906,45.401773,-75.628891,415
__3ZA3K2,SAUMURE RD btwn DEVINE RD & INDIAN CREEK RD (__3ZA3K2),2022,1864,401542.4135,5025932.035,45.366654,-75.265008,416
__3ZA87M,ORLANDO AVE btwn DENVER AVE & GIBSON ST (__3ZA87M),2022,165,370624.6082,5027152.593,45.381222,-75.659482,417
__3ZA4FZ,NORTH RIVER RD btwn PRINCE ALBERT ST & PRINDIVILLE ST (__3ZA4FZ),2022,962,370089.8255,5031883.169,45.423836,-75.665684,418
__3ZAC46,DAVID MANCHESTER RD btwn MCGEE SIDE RD & NORTHSHIRE DR (__3ZAC46),2022,95,342587.4574,5017121.99,45.293036,-76.018239,419
__3ZA5V7,DAVID MANCHESTER RD btwn FALCON BROOK RD & RICHARDSON SIDE RD (__3ZA5V7),2022,439,343957.6893,5015578.697,45.279074,-76.000892,420
__8PNLQZ,CARINA CRES btwn LOCHNAW PRIV & SHANLY PRIV (__8PNLQZ),2022,341,364810.6211,5013008.834,45.254479,-75.735428,421
__6OE77W,CEDAR CREEK DR (__6OE77W),2022,1611,375718.3955,5020098.278,45.317253,-75.595459,422
__8176PK,MANCINI WAY btwn INFUSION PRIV E & INFUSION PRIV W (__8176PK),2022,298,364934.4291,5014732.392,45.269977,-75.733642,423
__3ZA05M,EDGAR ST btwn FAIRMONT AVE & IRVING AVE (__3ZA05M),2022,139,365824.8622,5029253.248,45.400557,-75.720505,424
__3ZA6PC,LEGRAND CRES btwn WENDLER TER & WILDFLOWER DR (2) (__3ZA6PC),2022,179,382671.6401,5035833.804,45.458093,-75.504303,425
__74S5VG,COBBLE HILL DR btwn POPPLEWELL CRES & POPPLEWELL CRES (__74S5VG),2022,1013,361304.1043,5014791.397,45.270809,-75.779897,426
__42HLTD,LUESBY CRES btwn VALIN ST & WINSOME TER (__42HLTD),2022,217,386089.6995,5037452.277,45.472265,-75.460337,427
__49P4W2,WINSOME TER btwn BRASSEUR CRES & LUESBY CRES (__49P4W2),2022,384,385943.888,5037538.98,45.473062,-75.462188,428
__5RGOTF,OLD PRESCOTT RD btwn LAKE FOREST WALK & SPARKLING LAKE WAY (__5RGOTF),2022,5050,377508.1681,5014569.295,45.267322,-75.573444,429
__3ZA0QB,LAPERRIERE AVE btwn ADDISON ST & MERIVALE RD (__3ZA0QB),2022,707,364782.8831,5027125.633,45.381504,-75.734072,430
__3ZA336,SLATER ST btwn BAY ST & COMMISSIONER ST (__3ZA336),2022,3344,366876.2019,5031013.573,45.416304,-75.706855,431
__3ZA3PZ,MAIN ST btwn EVELYN AVE & SPRINGHURST AVE (__3ZA3PZ),2022,10958,369062.6522,5030424.185,45.410803,-75.678999,432
__3ZA0PW,BAY ST btwn GLOUCESTER ST & NEPEAN ST (__3ZA0PW),2022,1018,367095.203,5030898.073,45.415245,-75.704072,433
__3ZA0WZ,EMPRESS AVE btwn PRIMROSE AVE & SOMERSET ST W (__3ZA0WZ),2022,337,366699.6478,5030444.34,45.411198,-75.709182,434
__3ZA8AQ,NEPEAN ST btwn KENT ST & LYON ST N (__3ZA8AQ),2022,734,367316.7041,5030982.073,45.415981,-75.701232,435
__3ZA8FB,GRAHAM AVE btwn ECHO DR & MAIN ST (__3ZA8FB),2022,555,368901.3356,5030518.151,45.411664,-75.681047,436
__3ZA777,COLSON AVE btwn HAIG DR & SAUNDERSON DR (__3ZA777),2022,148,372724.7972,5029155.134,45.399039,-75.632392,437
__3ZA0HF,RAVENHILL AVE btwn CHURCHILL AVE N & EDISON AVE (__3ZA0HF),2022,162,363275.6901,5028080.048,45.390219,-75.753203,438
__3ZA0ZT,HILSON AVE btwn LYMAN ST & RICHMOND RD (__3ZA0ZT),2022,556,363892.908,5028659.583,45.395382,-75.745251,439
__3ZBOZD,CANTERBURY AVE btwn ARCH ST & PLESSER ST (__3ZBOZD),2022,3076,373007.4571,5028061.417,45.389171,-75.628934,440
__3ZBOZ3,DWIGHT CRES btwn DWIGHT PL (2) & TAWNEY RD (__3ZBOZ3),2022,171,373967.7963,5028893.334,45.396562,-75.616554,441
__3ZA75N,TAWNEY RD btwn DWIGHT CRES & FURBY AVE (__3ZA75N),2022,604,373988.9864,5028637.995,45.394262,-75.616319,442
__3ZA736,ARCH ST btwn FLEMING AVE & HOLT CRES (__3ZA736),2022,1697,372851.731,5028300.044,45.391333,-75.630889,443
__3ZA773,SAUNDERSON DR btwn COLSON AVE & OLYMPIA CRES (__3ZA773),2022,2277,372953.7295,5029147.05,45.398944,-75.62947,444
__3ZA9IF,PLEASANT PARK RD btwn ELMSIDE AVE & OXBOW AVE (__3ZA9IF),2022,4578,371650.7249,5028609.048,45.394229,-75.646184,445
__3ZA5B7,RIDGEBROOK DR btwn ERIC CRES & NORTHDALE ST (__3ZA5B7),2022,710,374812.1525,5031827.48,45.422878,-75.605354,446
__3ZA242,RIVERSIDE DR btwn FROBISHER LANE & HINCKS LANE (__3ZA242),2022,169,370235.995,5029885.063,45.405844,-75.664082,447
__3ZA940,LINDSAY ST btwn ACTON ST & DRAKE AVE (__3ZA940),2022,237,371156.8862,5030017.977,45.406953,-75.652301,448
__3ZA5M2B,BLOHM DR btwn 68 N OF BRISTON PRIV & LORRY GREENBERG DR (__3ZA5M2B),2022,2800,373739.9566,5025848.015,45.369184,-75.619889,449
__3ZA464,BLOHM DR btwn JOHNSTON RD & SAI CRES (__3ZA464),2022,2753,374679.6013,5026516.797,45.375108,-75.6078,450
__3ZA947,KNOX CRES btwn ACTON ST & DRAKE AVE (__3ZA947),2022,630,371101.7251,5029948.558,45.406334,-75.653015,451
__3ZA49E,ST. LAURENT BLVD btwn CONROY RD & THURSTON DR (__3ZA49E),2022,3505,373379.6283,5027327.488,45.382531,-75.624283,452
__3ZA731,ST. LAURENT BLVD btwn JOLIFFE ST & SUSAN ST (__3ZA731),2022,12457,373789.2346,5028324.542,45.391462,-75.618914,453
__3ZA8LD,BEAVERPOND DR btwn APPLETON DR (2) & HALLMARK PL (__3ZA8LD),2022,446,375176.8531,5031823.943,45.42281,-75.600695,454
__3ZA5QW,BEAUSEJOUR DR btwn AUTUMN RIDGE DR & AUTUMN RIDGE DR (__3ZA5QW),2022,1869,380504.5505,5035813.449,45.458148,-75.532011,455
__3ZA66F,GREY NUNS DR btwn FRIAR GT & SUNDOWN CRES (__3ZA66F),2022,1208,380086.9657,5037078.929,45.469579,-75.537156,456
__3ATF82,DEN HAAG DR btwn BOREALIS CRES & DES PIONNIERS PRIV (__3ATF82),2022,1565,372820.1662,5033706.396,45.43998,-75.630546,457
__3ZA7VQ,MATHESON RD btwn ALBORO CRES & ALBORO CRES (__3ZA7VQ),2022,1421,373481.3189,5033294.599,45.43621,-75.622153,458
__3ZA610,WILLOWBARK DR btwn DES TREFLIERES GDN & FOREST VALLEY DR (__3ZA610),2022,913,380083.7958,5034766.586,45.448774,-75.53755,459
__3ZA8SX,LEVIS AVE btwn BEGIN ST & DUPUIS ST (__3ZA8SX),2022,1422,370494.7561,5033161.748,45.435302,-75.660339,460
__3ZA8K2,QUEEN MARY ST btwn ALESTHER ST & BERNARD ST (__3ZA8K2),2022,1268,372018.7195,5032142.076,45.425983,-75.641003,461
__3ZA7B5,MONTGOMERY ST btwn MONTREAL RD & SELKIRK ST (__3ZA7B5),2022,1560,369913.2641,5032851.478,45.432565,-75.667812,462
__3ZA7B8,OLMSTEAD ST btwn GLADU ST & MAPLE ST (__3ZA7B8),2022,3393,370472.2385,5032832.193,45.432339,-75.660671,463
__3ZA3WB,MCARTHUR AVE btwn BRANT ST & IRWIN MILLER ST (__3ZA3WB),2022,9522,371174.6709,5032795.579,45.431943,-75.6517,464
__3ZA8LQ,FRANCES ST btwn LAWSON AVE & NEWMAN AVE (__3ZA8LQ),2022,1407,371501.639,5032275.979,45.427237,-75.647592,465
__3ZA4AH,KING GEORGE ST btwn QUILL ST & VERA ST (__3ZA4AH),2022,122,370621.2146,5032056.078,45.425342,-75.658871,466
__3ZA2CAA,COVENTRY RD btwn BELFAST RD & ST. LAURENT SC WEST (__3ZA2CAA),2022,10574,371771.1097,5031669.927,45.421758,-75.644231,467
__3ZA8Q5,BUENA VISTA RD btwn MANOR AVE & SPRINGFIELD RD (__3ZA8Q5),2022,1153,368896.9032,5034886.772,45.450971,-75.680535,468
__3ZBOVT,BRAEMAR ST btwn GLASGOW CRES & GLASGOW CRES (__3ZBOVT),2022,455,370861.7075,5034887.605,45.450796,-75.655418,469
__3ZA8E9,MARIPOSA AVE btwn BUCHAN RD & SPRINGFIELD RD (__3ZA8E9),2022,1269,369142.7449,5034613.062,45.448486,-75.677428,470
__3ZBOV2,GLENWOOD AVE btwn ASHBURY RD & ROXBOROUGH AVE (__3ZBOV2),2022,432,369335.703,5034528.605,45.447708,-75.674973,471
__3ZBOWN,VAUGHAN ST btwn BERTRAND ST & MACKAY ST (__3ZBOWN),2022,636,369086.0205,5033703.794,45.44031,-75.678272,472
__3ZA8PD,SPRINGFIELD RD btwn BUENA VISTA RD & PARK RD (__3ZA8PD),2022,1258,369015.743,5034831.102,45.45046,-75.679023,473
__3ZBOFP,HEMLOCK RD btwn BRAEMAR ST & THORNWOOD RD (__3ZBOFP),2022,11831,370803.7079,5034747.603,45.449542,-75.656178,474
__3ZA7DD,LAJOIE ST btwn FRONTENAC ST & RICHELIEU AVE (__3ZA7DD),2022,865,370624.7121,5033104.588,45.434775,-75.658686,475
__3ZBOXL,BEAUSOLEIL DR btwn COBOURG ST & YORK ST (__3ZBOXL),2022,1245,368851.9444,5032762.793,45.431865,-75.681386,476
__3ZAAMZ,AGINCOURT RD btwn MALLARD AVE & NAVAHO DR (__3ZAAMZ),2022,887,363449.5276,5024829.349,45.360955,-75.751369,477
__3ZA62R,FOREST VALLEY DR btwn DES RAVINS PL & DES RAVINS PL (__3ZA62R),2022,4197,380010.5538,5035104.955,45.451827,-75.538435,478
__3ZA62Z,MEADOWGLEN DR btwn MEADOWFIELD PL & MEADOWHILL CRES (__3ZA62Z),2022,1692,379713.8782,5035099.337,45.451808,-75.542228,479
__3ZA9TG,GILMOUR ST btwn ELGIN ST & METCALFE ST (__3ZA9TG),2022,1073,368175.7071,5031007.573,45.416133,-75.690254,480
__3ZA1IH,LISGAR ST btwn CARTIER ST & END (__3ZA1IH),2022,311,368269.8272,5031463.041,45.420223,-75.688993,481
__3ZA7D2,OLD ST. PATRICK ST btwn BEAUSOLEIL DR & PATRO ST (__3ZA7D2),2022,1628,368637.1994,5033060.276,45.434561,-75.684092,482
__3ZAAWY,ROSSLAND AVE btwn MERIVALE RD & ST. HELEN'S PL (__3ZAAWY),2022,1018,364597.6001,5024105.673,45.354346,-75.736803,483
__3ZBOYN,OSGOODE ST btwn HENDERSON AVE & NELSON ST (__3ZBOYN),2022,968,368953.7079,5031916.58,45.424241,-75.680196,484
__3ZA8FD,EVELYN AVE btwn MAIN ST & ROSEMERE AVE (__3ZA8FD),2022,461,369129.5746,5030527.934,45.411731,-75.67813,485
__3ZA6SD,BOUNDARY RD btwn END & RUSSELL RD (__3ZA6SD),2022,169,386334.8372,5026610.091,45.374689,-75.458997,486
__3ZA2ZM,ROCKDALE RD btwn ALCIDE AVE & BUCKLAND RD (__3ZA2ZM),2022,2622,394720.0683,5024527.924,45.35493,-75.352338,487
__3ZA7WC,CARSON'S RD btwn BERMUDA AVE & CHARLESWOOD AVE (__3ZA7WC),2022,1779,372923.1302,5034040.052,45.442972,-75.629184,488
__3ZA5EZ,CAROLA ST btwn KNOXDALE RD & NEWHAVEN ST (__3ZA5EZ),2022,340,362736.8626,5021236.259,45.328684,-75.760886,489
__3ZBOV8,SPRINGFIELD RD btwn LINDENLEA RD/DURHAM PRIV & ROCKCLIFFE WAY (__3ZBOV8),2022,2485,369124.7036,5034262.602,45.445334,-75.677705,490
__3ZA9TE,MACLAREN ST btwn METCALFE ST & O'CONNOR ST (__3ZA9TE),2022,1023,367975.706,5030986.573,45.415963,-75.692812,491
__3ZAZMP,CELESTE WAY btwn BALLANTYNE DR & VENUS AVE (__3ZAZMP),2022,195,385836.4538,5037264.796,45.470608,-75.463607,492
__3ZA8A5,STE. CECILE ST btwn BEECHWOOD AVE & GENEST ST (__3ZA8A5),2022,446,369727.7059,5033927.596,45.442264,-75.670041,493
__3ZABNH,ANWATIN ST btwn ARNOLD DR & MOODIE DR (__3ZABNH),2022,209,357620.9995,5019498.777,45.313453,-75.826331,494
__3ZACBL,DONALD B. MUNRO DR btwn CARRYS SIDE RD & GRANTS SIDE RD (__3ZACBL),2022,712,330745.0547,5026331.676,45.376447,-76.168734,495
__3ZA8YR,ST. DENIS ST btwn GRANVILLE ST & STE. ANNE ST (__3ZA8YR),2022,432,370669.5599,5033796.971,45.441001,-75.658021,496
__3ZA0CQ,SENIO AVE btwn FALAISE RD & NORMANDY CRES (__3ZA0CQ),2022,133,367305.4821,5025017.188,45.362312,-75.70213,497
__3ZA0CM,BEDBROOKE ST btwn DUBLIN AVE & IRIS ST (__3ZA0CM),2022,326,362394.8764,5024644.806,45.359382,-75.764851,498
__3ZA0CR,BEL-AIR DR btwn BEDBROOKE ST & FIELD ST (__3ZA0CR),2022,659,362411.2618,5024862.219,45.361337,-75.764617,499
__3ZA8YQ,ST. DENIS ST btwn BRADLEY AVE & STE. ANNE ST (__3ZA8YQ),2022,274,370494.777,5033778.257,45.440849,-75.660257,500
__3ZA8YM,ST. DENIS ST btwn BRADLEY AVE & TABOR AVE (__3ZA8YM),2022,226,370335.051,5033761.789,45.440716,-75.662301,501
__6UQV2L,RIVERSEDGE CRES btwn TRAILGATE ST & TRAILGATE ST (__6UQV2L),2022,238,367702.3849,5015706.024,45.278496,-75.698247,502
e___2ITI,KILBIRNIE DR btwn ALEX POLOWIN AVE & RIVER MIST RD (e___2ITI),2022,1711,,,,,503
__7JQ6AO,RAVENSWOOD WAY btwn ASHENVALE WAY & ESPRIT DR (__7JQ6AO),2022,253,385634.6327,5034897.323,45.449331,-75.466577,504
__7JQ609,MIRABEAU TERR btwn BOISDALE WALK & VALLIER WAY (__7JQ609),2022,97,,,,,505
__3ZABRB,GRADY CRES btwn JANSEN RD & JANSEN RD (__3ZABRB),2022,43,360077.9084,5021117.256,45.327827,-75.794817,506
__3ZABR8,JANSEN RD btwn GRADY CRES & HOBART CRES (__3ZABR8),2022,381,360216.7883,5021096.282,45.327628,-75.793048,507
__6UQV18,RIVERSEDGE CRES (__6UQV18),2022,81,367601.309,5015511.743,45.276757,-75.69956,508
__3ZA8ZZ,YORK ST EB btwn BY WARD MARKET SQ & SUSSEX DR (__3ZA8ZZ),2022,2562,367876.1183,5032280.945,45.427618,-75.693918,509
__7JQ6A9,GRAND CANAL ST btwn NUTGROVE AVE & RIVER ROCK AVE (__7JQ6A9),2022,3204,364250.17,5012396.481,45.249017,-75.742641,510
__3ZA0JB,IONA ST btwn BRENNAN AVE & ISLAND PARK DR (__3ZA0JB),2022,1574,364304.4534,5028364.374,45.39269,-75.740031,511
__3ZABMV,THIRD LINE RD    N btwn CARSONBY RD W & CENTURY RD W (__3ZABMV),2022,174,364642.7084,5004304.18,45.176169,-75.738613,512
__3ZA520,NEWHAVEN ST btwn CAROLA ST & ROUNDHAY DR (__3ZA520),2022,833,362615.6849,5021188.488,45.328264,-75.762437,513
__3ZA0KM,IONA ST btwn ISLAND PARK DR & PICCADILLY AVE (__3ZA0KM),2022,970,364391.5974,5028404.273,45.393042,-75.738913,514
__3ZA68P,JEANNE D'ARC BLVD  N btwn VINEYARD DR & VOYAGEUR DR (__3ZA68P),2022,10308,379195.4817,5037564.222,45.474041,-75.548482,515
__3ZA3TO,STAGECOACH RD btwn GOLDEN ASH LANE & JACK PINE CRES (__3ZA3TO),2022,7502,375815.5446,5013556.986,45.258387,-75.595156,516
__3ZA3TL,STAGECOACH RD btwn GREELY WEST DR & JACK PINE CRES (__3ZA3TL),2022,6758,376061.232,5013003.425,45.253381,-75.592106,517
__3ZA38T,RIVER RD btwn KILBY LANE & WATERFRONT CRT (__3ZA38T),2022,5294,372288.0414,5007433.754,45.203638,-75.640927,518
__3ZA87Q,LORRAINE AVE btwn JEFFERSON ST & PALM ST (__3ZA87Q),2022,446,371960.8795,5027155.815,45.381124,-75.642421,519
__86L6YY,BRIAN GOOD AVE btwn HAWKESWOOD DR & POPLIN ST (__86L6YY),2022,2726,368195.2444,5014629.037,45.268761,-75.692103,520
__3ZACVF,CAMPBELL REID CRT (__3ZACVF),2022,202,347299.6857,5026194.167,45.374401,-75.957385,521
__3ZAZDC,SECOND AVE btwn O'CONNOR ST & QUEEN ELIZABETH DRWY (__3ZAZDC),2022,468,368705.736,5029866.069,45.405814,-75.68363,522
__3ZA7LY,GRAVELLE CRES btwn INNES RD & INNES RD (__3ZA7LY),2022,111,377523.7323,5032714.866,45.430586,-75.570578,523
__3ZA19X,WINDWOOD PL btwn ARBOURWOOD DR & RANCHWOOD WAY (__3ZA19X),2022,334,380518.749,5034534.067,45.446635,-75.532026,524
__45C2PR,VALIN ST btwn GLANDRIEL CRES & TIMBERTRAIL TER (__45C2PR),2022,1181,386829.1545,5037747.824,45.474838,-75.450832,525
__673XY6,TRIM RD btwn MONTMERE AVE & PINNACLE ST (__673XY6),2022,5296,386982.487,5036260.016,45.461434,-75.44912,526
__5VIR2R,TRIM RD btwn MILLENNIUM BLVD & SALZBURG DR (__5VIR2R),2022,8123,386733.7078,5036867.305,45.466927,-75.4522,527
__5JY39D,EVERLASTING CRES btwn KERRIA WALK & SULTAN ST (__5JY39D),2022,143,385163.3368,5038681.324,45.48343,-75.471982,528
__5JY39N,EVERLASTING CRES btwn KERRIA WALK & SULTAN ST (__5JY39N),2022,424,385342.1332,5038739.834,45.483936,-75.469686,529
__3ZAA52,RIDDELL AVE   N btwn CARLING AVE & LENESTER AVE (__3ZAA52),2022,422,362926.189,5026256.032,45.373836,-75.757881,530
__3ZAA61,WEMBLEY AVE btwn BROMLEY RD & WINDERMERE AVE (__3ZAA61),2022,236,362781.2845,5026606.036,45.376997,-75.759689,531
__3ZBO3A,DECARIE DR btwn CHAMPLAIN ST & GRENOBLE CRES (__3ZBO3A),2022,1037,381199.2114,5038913.822,45.485967,-75.522648,532
__3ZA7DW,BLAKE BLVD btwn LACASSE AVE & LAFONTAINE AVE (__3ZA7DW),2022,1075,370863.7129,5033028.087,45.434065,-75.655642,533
__5QEFH3,INNES RD btwn TRIM RD & VALIN ST (__5QEFH3),2022,10337,386815.9636,5037373.046,45.471467,-75.451064,534
__3ZA3M1,OLD MONTREAL RD btwn KING ARTHUR ST & QUIGLEY HILL RD (__3ZA3M1),2022,2682,387892.3456,5041221.979,45.505968,-75.436648,535
__3ZA07Q,BROADVIEW AVE btwn KENWOOD AVE & PRINCETON AVE (__3ZA07Q),2022,860,362812.6885,5027541.544,45.385412,-75.759178,536
__3ZA2P9,BLAKE BLVD btwn BLAKE BLVD & JEAN TALON ST (__3ZA2P9),2022,1137,371195.6924,5033053.285,45.43426,-75.651396,537
__3ZA65Y,DOWSER ST btwn GLEN ST & MANDOR CRES (__3ZA65Y),2022,141,384918.7965,5011104.917,45.235347,-75.47958,538
__3ZACV0,KLONDIKE RD btwn MARCH VALLEY RD & MARCONI AVE (__3ZACV0),2022,624,349986.474,5024728.729,45.361047,-75.923217,539
__3ZA6LI,NICKERSON WAY btwn BEN ROYAL AVE & REMINGTON WAY (__3ZA6LI),2022,83,377861.0184,5014391.881,45.26569,-75.568975,540
__5DXO01,PARKWAY (THE) btwn CALLAGHAN PRIV & OAKES WD (__5DXO01),2022,1719,352001.9321,5020566.301,45.323459,-75.897889,541
__3ZABWW,AHEARN AVE btwn CROFT ST & FARROW ST (__3ZABWW),2022,219,359571.2075,5024788.525,45.360901,-75.800874,542
__6KE4J1A,WOODRIDGE CRES btwn BAYSHORE DR & BAYSHORE PS (__6KE4J1A),2022,3029,358890.422,5023751.934,45.351627,-75.809677,543
__3ZABK8,GRENON AVE btwn NOREN AVE & NOREN AVE (__3ZABK8),2022,365,360014.6735,5023905.552,45.352922,-75.795313,544
__3ZAA33,CORKSTOWN RD btwn BURNBROOK CRES & WESTDALE AVE (__3ZAA33),2022,1228,357804.1606,5023249.503,45.347189,-75.823593,545
__3ZABK9,QUEENSVIEW DR btwn END & PINECREST RD (__3ZABK9),2022,5883,360698.9413,5023950.215,45.353269,-75.786575,546
__3ZABJA,REGENCY TER btwn BLOOMSBURY CRES & END (__3ZABJA),2022,581,361874.9088,5023468.771,45.348842,-75.771623,547
__3ZABUF,SEVERN AVE btwn ARKELL ST & CONNAUGHT AVE (__3ZABUF),2022,717,360991.1785,5024356.015,45.356897,-75.7828,548
__3ZA4M2,PINECREST RD btwn KELLY AVE & ST. STEPHEN'S ST (__3ZA4M2),2022,16511,360250.346,5024016.985,45.353906,-75.792293,549
__3ZA1R4,PARKHAVEN AVE btwn DRESDEN CRES & DRESDEN CRES (__3ZA1R4),2022,360,361513.0567,5025041.675,45.363025,-75.77606,550
__3ZABX4,GEORGINA DR btwn EDGEWORTH AVE & ROSEWOOD AVE (__3ZABX4),2022,2005,361234.5064,5025167.366,45.364178,-75.779602,551
__3ZABUM,ELMIRA DR btwn COBDEN RD & LAMBETH WALK (__3ZABUM),2022,1041,361455.9883,5024020.939,45.353845,-75.776906,552
__3ZA0AP,CENTREPOINTE DR (__3ZA0AP),2022,6195,362352.9022,5023163.144,45.346053,-75.765559,553
__3ZA0AQ,CONSTELLATION CRES btwn CENTREPOINTE DR & TURN LANE (__3ZA0AQ),2022,1028,362468.7295,5023310.636,45.347371,-75.764064,554
__3ZA0QG,DENBURY AVE btwn DOVERCOURT AVE & KEENAN AVE (__3ZA0QG),2022,652,362792.6885,5027152.04,45.381909,-75.75948,555
__3ZA4OJ,CHURCHILL AVE   N btwn KENWOOD AVE & RAVENHILL AVE (__3ZA4OJ),2022,9590,363346.1906,5028016.548,45.389642,-75.75231,556
__3ZBN9U,RICHMOND RD btwn EDEN AVE & EDGEWOOD AVE (__3ZBN9U),2022,8767,363363.5706,5028381.566,45.392924,-75.752045,557
__3ZAAE2,KNIGHTSBRIDGE RD btwn LOCKHART AVE & WOODROFFE AVE (__3ZAAE2),2022,1229,361699.8166,5026590.198,45.376943,-75.773498,558
__4IHRZT,KERR AVE btwn BROADVIEW AVE & NADOLNY SACHS PRIV (__4IHRZT),2022,1864,363278.3211,5026559.443,45.376536,-75.753349,559
__3ZAAWF,FIELD ST btwn CHECKERS RD & MAJOR ST (__3ZAAWF),2022,255,362566.5108,5024153.16,45.354944,-75.762718,560
__3ZA4YU,KNOXDALE RD btwn CREMONA CRES & SKIPTON RD (__3ZA4YU),2022,3656,362230.183,5021147.487,45.327927,-75.767359,561
__3ZAALE,LAZARD ST btwn DUBLIN AVE & IRIS ST (__3ZAALE),2022,172,362464.6866,5024685.518,45.359742,-75.763956,562
__3ZA0CS,BEL-AIR DR btwn FIELD ST & GARFIELD AVE (__3ZA0CS),2022,1112,362664.131,5025055.903,45.363059,-75.761367,563
__61W6SH,PERCIFOR WAY btwn LEITA PL & WHISPERING WINDS WAY (__61W6SH),2022,950,,,,,564
__6R2LAO,BRASSEUR CRES btwn DESTINY PRIV & WINSOME TER (__6R2LAO),2022,150,386097.9134,5037533.785,45.472997,-75.460219,565
__3ZA81N,DONALD ST (__3ZA81N),2022,6837,371245.7159,5032375.58,45.428157,-75.650848,566
__3ZA815,DONALD ST btwn OKEE ST & TELFORD AVE (__3ZA815),2022,6941,371791.2176,5032437.579,45.428663,-75.643869,567
__3ZA6BA,AMIENS ST btwn PRESTONE DR & PRESTWICK DR (__3ZA6BA),2022,2376,382981.2516,5037500.578,45.473054,-75.500079,568
__3ZA6B8,AMIENS ST btwn PRESTONE DR & ST. GEORGES ST (__3ZA6B8),2022,1798,382775.4016,5037511.706,45.473178,-75.50271,569
__34IY21,PENDERBROOK AVE btwn TRADEWINDS DR & WINDING WAY (__34IY21),2022,154,367476.0283,5016400.664,45.284767,-75.701044,570
__5Z1S6F,NESTLETON ST btwn CORBRIDGE ST & WORTHAM WAY (__5Z1S6F),2022,635,385253.7263,5035303.948,45.453033,-75.471379,571
__3ZA66A,BELCOURT BLVD btwn LEBLANC DR & NOTRE DAME ST (__3ZA66A),2022,4054,381378.2117,5037111.208,45.469729,-75.52064,572
__3ZAZ9Z,BELCOURT BLVD btwn TOULOUSE CRES & TOULOUSE CRES (__3ZAZ9Z),2022,2822,381645.698,5036441.202,45.463671,-75.517324,573
__727TGH,GRACEWOOD CRES btwn CREEKVIEW WAY E & FINDLAY CREEK DR E (__727TGH),2022,428,374475.7228,5019643.832,45.313289,-75.611371,574
__5GN1H7,FORESTBROOK ST btwn BEAM ST & WOODMILL TER (__5GN1H7),2022,47,348988.449,5022765.493,45.343445,-75.936131,575
__4VGRKC,SPRINGRIDGE DR btwn HEATHERSTONE CRES & PEPPERGRASS RD (__4VGRKC),2022,701,385561.2583,5038521.698,45.481948,-75.466919,576
__4VGRNH,SPRINGRIDGE DR btwn LOBELIA WAY & PEPPERGRASS RD (__4VGRNH),2022,1352,385802.6836,5038331.548,45.480209,-75.463863,577
e___2HDH,ALLIUM ST btwn BARTONIA CIR & BARTONIA CIR (e___2HDH),2022,174,383932.7514,5033939.901,45.440912,-75.488485,578
__3ZA5SX,LATOUR CRES btwn GARDENWAY DR & GARDENWAY DR (__3ZA5SX),2022,158,383903.5093,5036821.858,45.466844,-75.488395,579
__4BBDP0,PEBBLE TRAIL WAY (__4BBDP0),2022,347,376366.7095,5014055.287,45.262815,-75.588063,580
__3ZA5S2,GARDENWAY DR btwn ESPLANADE AVE & THICKET WAY (__3ZA5S2),2022,1358,384533.1878,5036686.598,45.465556,-75.480366,581
__3ZAZ4S,CANYON WALK DR btwn MOUNTAIN MEADOWS CRES & OTTER TAIL CRES (__3ZAZ4S),2022,1265,368448.3411,5016389.92,45.284583,-75.688652,582
__3ZAC4A,MCGEE SIDE RD btwn DIAMONDVIEW RD & WILLIAM MOONEY RD (__3ZAC4A),2022,554,342740.0955,5018124.952,45.302053,-76.016216,583
__3ZAANF,WALLFORD WAY btwn BEAVERTON AVE & PARTHIA AVE (__3ZAANF),2022,422,365480.7011,5025046.022,45.362732,-75.725418,584
__3ZBOKH,FARLANE BLVD btwn KINGSMILL ST & WALLFORD WAY (__3ZBOKH),2022,670,365668.4234,5025065.244,45.362888,-75.723019,585
__3ZAAPT,DEER PARK RD btwn ATTWOOD CRES & ATTWOOD CRES (__3ZAAPT),2022,1484,366207.6881,5025357.132,45.365468,-75.7161,586
__3ZA78J,HAMLET RD btwn HAIG DR & SAUNDERSON DR (__3ZA78J),2022,331,372707.5687,5029229.001,45.399706,-75.632602,587
__3ZA34N,WOODROFFE AVE btwn ADIRONDACK DR & FIELD ST (__3ZA34N),2022,33083,362437.686,5024056.013,45.35408,-75.764374,588
__3ZAASK,VIEWMOUNT DR btwn NORICE ST & PALSEN ST (__3ZAASK),2022,2611,363860.1929,5022884.503,45.343421,-75.74636,589
__4QG7RR,WOODLAND AVE btwn HALLDON PL & LAWN AVE (__4QG7RR),2022,680,361527.5784,5025826.03,45.370081,-75.775785,590
__3ZA8K3,CHAPEL ST btwn LAURIER AVE E & OSGOODE ST (__3ZA8K3),2022,1220,369175.0438,5032174.311,45.42654,-75.677334,591
__3ZA8J2,NELSON ST btwn LAURIER AVE E & OSGOODE ST (__3ZA8J2),2022,983,368932.7079,5032027.581,45.425242,-75.68045,592
__3ZA8JD,SWEETLAND AVE btwn LAURIER AVE E & OSGOODE ST (__3ZA8JD),2022,896,369012.3772,5032076.78,45.425678,-75.679426,593
__3ZA8KN,RUSSELL AVE btwn LAURIER AVE E & OSGOODE ST (__3ZA8KN),2022,525,369092.7085,5032125.582,45.426109,-75.678393,594
__3ZA8LL,GOULBURN AVE btwn LAURIER AVE E & OSGOODE ST (__3ZA8LL),2022,426,369310.3664,5032257.999,45.427281,-75.675594,595
__3ZA7UC,CUMMINGS AVE btwn BURN ST & GARDENVALE RD (__3ZA7UC),2022,4388,372365.2939,5033135.296,45.434886,-75.636438,596
__3ZACD2,DIAMONDVIEW RD btwn BAIRD SIDE RD & THOMAS A. DOLAN PKWY (__3ZACD2),2022,813,334408.719,5026342.365,45.376398,-76.121957,597
__3ZACLX,EQUESTRIAN DR btwn POMMEL CRES & STABLE WAY (__3ZACLX),2022,1204,354615.2104,5016514.983,45.286824,-75.864963,598
__3ZA5CM,ARBUSTE AVE btwn JONQUILLE WAY & SEQUOIA DR (__3ZA5CM),2022,38,386653.0391,5040551.64,45.500084,-75.452617,599
__3ZAC61,ASHTON STATION RD btwn ASHTON STATION RD & GLENASHTON RD (BECKWITH TWP) (__3ZAC61),2022,348,342262.8788,5001132.667,45.149172,-76.02358,600
__3ZA0VK,BALMORAL DR btwn LIMEBANK RD & RIVER RD (__3ZA0VK),2022,162,368295.1532,5019688.37,45.314275,-75.690183,601
__3ZA559,BEN ROYAL AVE btwn ALDERGROVE WAY & NICKERSON WAY (__3ZA559),2022,257,377732.763,5014257.945,45.264498,-75.570628,602
__5SPTFU,BREEZY HEIGHTS RD (__5SPTFU),2022,79,328470.3357,5022670.977,45.343586,-76.197953,603
__3ZACJW,HAMILTON ST btwn COLONEL MURRAY ST & MCBEAN ST (__3ZACJW),2022,217,356934.1146,5006150.848,45.193397,-75.83649,604
__3ZACJ1,COLONEL MURRAY ST btwn HAMILTON ST & PERTH ST (__3ZACJ1),2022,627,356920.1151,5006276.348,45.194528,-75.836655,605
__3ZABWM,ELMHURST ST btwn DUNDEE AVE & IVANHOE AVE (__3ZABWM),2022,757,360488.1765,5024637.017,45.359466,-75.789188,606
__7YK17E,ERIC CZAPNIK WAY btwn Continuation of ERIC CZAPNIK WAY & ST. JOSEPH ST (__7YK17E),2022,337,382999.6524,5038788.029,45.484636,-75.499639,607
__3ZA1NV,LEAVER AVE btwn BEAVER RDG & ELEANOR DR (__3ZA1NV),2022,683,364996.8447,5024825.008,45.360785,-75.73162,608
__3ZA6HA,MCVAGH RD btwn BURTON RD & DEVINE RD (__3ZA6HA),2022,325,392557.1056,5022147.095,45.333784,-75.380361,609
__3ZAC5L,MOONSTONE RD btwn ROTHBOURNE RD & WALGREEN RD (__3ZAC5L),2022,865,347090.0583,5014133.52,45.265888,-75.961091,610
__3ZA4SI,UPPER DWYER HILL RD btwn GRAINGER PARK RD & KINBURN SIDE RD (__3ZA4SI),2022,1360,326090.1582,5023232.238,45.348713,-76.228301,611
__7NLO4P,PICCADILLY AVE btwn PERTHSHIRE PRIV & WELLINGTON ST W (__7NLO4P),2022,307,364233.5995,5028882.576,45.397359,-75.740873,612
__3ZA5O6,ST. EMMANUEL TER (__3ZA5O6),2022,228,379689.5781,5037831.063,45.476389,-75.542123,613
__3ZA487,GALETTA SIDE RD btwn LUNNEY RD & OTTAWA ROAD 29 (__3ZA487),2022,607,318888.7157,5027115.714,45.383841,-76.320092,614
__3ZBNCI,LEACOCK DR btwn LEACOCK WAY & TIFFANY CRES (__3ZBNCI),2022,1241,351598.455,5020609.621,45.323876,-75.903032,615
__3ZA14O,IRVING AVE btwn EDGAR ST & GLADSTONE AVE (__3ZA14O),2022,112,365832.2,5029334.559,45.401288,-75.720401,616
__3ZA9NG,ROBINSON AVE btwn HURDMAN RD & LEES AVE (__3ZA9NG),2022,241,370035.6201,5031281.168,45.418424,-75.666456,617
__3ZA5A4,MARKLAND CRES btwn LEWISTON AVE & ROBLYN WAY (__3ZA5A4),2022,253,365996.95,5016095.85,45.282154,-75.719934,618
